year,country,kopen,,,,,,,,,,,,,,
1870,AUS,1,,,,,,,,,,,,,,
1871,AUS,1,,,,,,,,,,,,,,
1872,AUS,1,,,,,,,,,,,,,,
1873,AUS,1,,,,,,,,,,,,,,
1874,AUS,1,,,,,,,,,,,,,,
1875,AUS,1,,,,,,,,,,,,,,
1876,AUS,1,,,,,,,,,,,,,,
1877,AUS,1,,,,,,,,,,,,,,
1878,AUS,1,,,,,,,,,,,,,,
1879,AUS,1,,,,,,,,,,,,,,
1880,AUS,1,,,,,,,,,,,,,,
1881,AUS,1,,,,,,,,,,,,,,
1882,AUS,1,,,,,,,,,,,,,,
1883,AUS,1,,,,,,,,,,,,,,
1884,AUS,1,,,,,,,,,,,,,,
1885,AUS,1,,,,,,,,,,,,,,
1886,AUS,1,,,,,,,,,,,,,,
1887,AUS,1,,,,,,,,,,,,,,
1888,AUS,1,,,,,,,,,,,,,,
1889,AUS,1,,,,,,,,,,,,,,
1890,AUS,1,,,,,,,,,,,,,,
1891,AUS,1,,,,,,,,,,,,,,
1892,AUS,1,,,,,,,,,,,,,,
1893,AUS,1,,,,,,,,,,,,,,
1894,AUS,1,,,,,,,,,,,,,,
1895,AUS,1,,,,,,,,,,,,,,
1896,AUS,1,,,,,,,,,,,,,,
1897,AUS,1,,,,,,,,,,,,,,
1898,AUS,1,,,,,,,,,,,,,,
1899,AUS,1,,,,,,,,,,,,,,
1900,AUS,1,,,,,,,,,,,,,,
1901,AUS,1,,,,,,,,,,,,,,
1902,AUS,1,,,,,,,,,,,,,,
1903,AUS,1,,,,,,,,,,,,,,
1904,AUS,1,,,,,,,,,,,,,,
1905,AUS,1,,,,,,,,,,,,,,
1906,AUS,1,,,,,,,,,,,,,,
1907,AUS,1,,,,,,,,,,,,,,
1908,AUS,1,,,,,,,,,,,,,,
1909,AUS,1,,,,,,,,,,,,,,
1910,AUS,1,,,,,,,,,,,,,,
1911,AUS,1,,,,,,,,,,,,,,
1912,AUS,1,,,,,,,,,,,,,,
1913,AUS,1,,,,,,,,,,,,,,
1914,AUS,1,,,,,,,,,,,,,,
1915,AUS,1,,,,,,,,,,,,,,
1916,AUS,1,,,,,,,,,,,,,,
1917,AUS,0.75,,,,,,,,,,,,,,
1918,AUS,0.75,,,,,,,,,,,,,,
1919,AUS,,,,,,,,,,,,,,,
1920,AUS,0.5,,,,,,,,,,,,,,
1921,AUS,0.5,,,,,,,,,,,,,,
1922,AUS,0.5,,,,,,,,,,,,,,
1923,AUS,0.5,,,,,,,,,,,,,,
1924,AUS,0.5,,,,,,,,,,,,,,
1925,AUS,1,,,,,,,,,,,,,,
1926,AUS,1,,,,,,,,,,,,,,
1927,AUS,1,,,,,,,,,,,,,,
1928,AUS,1,,,,,,,,,,,,,,
1929,AUS,1,,,,,,,,,,,,,,
1930,AUS,0.5,,,,,,,,,,,,,,
1931,AUS,0.5,,,,,,,,,,,,,,
1932,AUS,0.5,,,,,,,,,,,,,,
1933,AUS,0.5,,,,,,,,,,,,,,
1934,AUS,0.5,,,,,,,,,,,,,,
1935,AUS,0.5,,,,,,,,,,,,,,
1936,AUS,0.5,,,,,,,,,,,,,,
1937,AUS,0.5,,,,,,,,,,,,,,
1938,AUS,0.5,,,,,,,,,,,,,,
1939,AUS,,,,,,,,,,,,,,,
1940,AUS,,,,,,,,,,,,,,,
1941,AUS,,,,,,,,,,,,,,,
1942,AUS,,,,,,,,,,,,,,,
1943,AUS,,,,,,,,,,,,,,,
1944,AUS,,,,,,,,,,,,,,,
1945,AUS,,,,,,,,,,,,,,,
1946,AUS,,,,,,,,,,,,,,,
1947,AUS,,,,,,,,,,,,,,,
1948,AUS,,,,,,,,,,,,,,,
1949,AUS,,,,,,,,,,,,,,,
1950,AUS,0.375,,,,,,,,,,,,,,
1951,AUS,0.375,,,,,,,,,,,,,,
1952,AUS,0.625,,,,,,,,,,,,,,
1953,AUS,0.625,,,,,,,,,,,,,,
1954,AUS,0.625,,,,,,,,,,,,,,
1955,AUS,0.625,,,,,,,,,,,,,,
1956,AUS,0.625,,,,,,,,,,,,,,
1957,AUS,0.625,,,,,,,,,,,,,,
1958,AUS,0.625,,,,,,,,,,,,,,
1959,AUS,0.625,,,,,,,,,,,,,,
1960,AUS,0.625,,,,,,,,,,,,,,
1961,AUS,0.625,,,,,,,,,,,,,,
1962,AUS,0.625,,,,,,,,,,,,,,
1963,AUS,0.625,,,,,,,,,,,,,,
1964,AUS,0.625,,,,,,,,,,,,,,
1965,AUS,0.625,,,,,,,,,,,,,,
1966,AUS,0.625,,,,,,,,,,,,,,
1967,AUS,0.625,,,,,,,,,,,,,,
1968,AUS,0.625,,,,,,,,,,,,,,
1969,AUS,0.5,,,,,,,,,,,,,,
1970,AUS,0.5,,,,,,,,,,,,,,
1971,AUS,0.5,,,,,,,,,,,,,,
1972,AUS,0.375,,,,,,,,,,,,,,
1973,AUS,0.375,,,,,,,,,,,,,,
1974,AUS,0.375,,,,,,,,,,,,,,
1975,AUS,0.375,,,,,,,,,,,,,,
1976,AUS,0.375,,,,,,,,,,,,,,
1977,AUS,0.375,,,,,,,,,,,,,,
1978,AUS,0.5,,,,,,,,,,,,,,
1979,AUS,0.5,,,,,,,,,,,,,,
1980,AUS,0.5,,,,,,,,,,,,,,
1981,AUS,0.5,,,,,,,,,,,,,,
1982,AUS,0.5,,,,,,,,,,,,,,
1983,AUS,0.625,,,,,,,,,,,,,,
1984,AUS,0.625,,,,,,,,,,,,,,
1985,AUS,0.75,,,,,,,,,,,,,,
1986,AUS,0.75,,,,,,,,,,,,,,
1987,AUS,0.75,,,,,,,,,,,,,,
1988,AUS,0.75,,,,,,,,,,,,,,
1989,AUS,0.75,,,,,,,,,,,,,,
1990,AUS,0.75,,,,,,,,,,,,,,
1991,AUS,0.75,,,,,,,,,,,,,,
1992,AUS,0.75,,,,,,,,,,,,,,
1993,AUS,0.75,,,,,,,,,,,,,,
1994,AUS,0.75,,,,,,,,,,,,,,
1995,AUS,0.75,,,,,,,,,,,,,,
1996,AUS,0.75,,,,,,,,,,,,,,
1997,AUS,0.75,,,,,,,,,,,,,,
1998,AUS,0.75,,,,,,,,,,,,,,
1999,AUS,0.75,,,,,,,,,,,,,,
2000,AUS,0.75,,,,,,,,,,,,,,
2001,AUS,0.75,,,,,,,,,,,,,,
2002,AUS,0.75,,,,,,,,,,,,,,
2003,AUS,0.75,,,,,,,,,,,,,,
2004,AUS,0.75,,,,,,,,,,,,,,
2005,AUS,0.75,,,,,,,,,,,,,,
2006,AUS,0.75,,,,,,,,,,,,,,
2007,AUS,0.75,,,,,,,,,,,,,,
2008,AUS,0.75,,,,,,,,,,,,,,
2009,AUS,0.75,,,,,,,,,,,,,,
2010,AUS,0.75,,,,,,,,,,,,,,
2011,AUS,0.75,,,,,,,,,,,,,,
2012,AUS,0.75,,,,,,,,,,,,,,
2013,AUS,0.82,,,,,,,,,,,,,,
2014,AUS,0.88,,,,,,,,,,,,,,
2015,AUS,0.94,,,,,,,,,,,,,,
2016,AUS,1,,,,,,,,,,,,,,
2017,AUS,1,,,,,,,,,,,,,,
2018,AUS,1,,,,,,,,,,,,,,
2019,AUS,1,,,,,,,,,,,,,,
2020,AUS,1,,,,,,,,,,,,,,
1870,BEL,1,,,,,,,,,,,,,,
1871,BEL,1,,,,,,,,,,,,,,
1872,BEL,1,,,,,,,,,,,,,,
1873,BEL,1,,,,,,,,,,,,,,
1874,BEL,1,,,,,,,,,,,,,,
1875,BEL,1,,,,,,,,,,,,,,
1876,BEL,1,,,,,,,,,,,,,,
1877,BEL,1,,,,,,,,,,,,,,
1878,BEL,1,,,,,,,,,,,,,,
1879,BEL,1,,,,,,,,,,,,,,
1880,BEL,1,,,,,,,,,,,,,,
1881,BEL,1,,,,,,,,,,,,,,
1882,BEL,1,,,,,,,,,,,,,,
1883,BEL,1,,,,,,,,,,,,,,
1884,BEL,1,,,,,,,,,,,,,,
1885,BEL,1,,,,,,,,,,,,,,
1886,BEL,1,,,,,,,,,,,,,,
1887,BEL,1,,,,,,,,,,,,,,
1888,BEL,1,,,,,,,,,,,,,,
1889,BEL,1,,,,,,,,,,,,,,
1890,BEL,1,,,,,,,,,,,,,,
1891,BEL,1,,,,,,,,,,,,,,
1892,BEL,1,,,,,,,,,,,,,,
1893,BEL,1,,,,,,,,,,,,,,
1894,BEL,1,,,,,,,,,,,,,,
1895,BEL,1,,,,,,,,,,,,,,
1896,BEL,1,,,,,,,,,,,,,,
1897,BEL,1,,,,,,,,,,,,,,
1898,BEL,1,,,,,,,,,,,,,,
1899,BEL,1,,,,,,,,,,,,,,
1900,BEL,1,,,,,,,,,,,,,,
1901,BEL,1,,,,,,,,,,,,,,
1902,BEL,1,,,,,,,,,,,,,,
1903,BEL,1,,,,,,,,,,,,,,
1904,BEL,1,,,,,,,,,,,,,,
1905,BEL,1,,,,,,,,,,,,,,
1906,BEL,1,,,,,,,,,,,,,,
1907,BEL,1,,,,,,,,,,,,,,
1908,BEL,1,,,,,,,,,,,,,,
1909,BEL,1,,,,,,,,,,,,,,
1910,BEL,1,,,,,,,,,,,,,,
1911,BEL,1,,,,,,,,,,,,,,
1912,BEL,1,,,,,,,,,,,,,,
1913,BEL,1,,,,,,,,,,,,,,
1914,BEL,,,,,,,,,,,,,,,
1915,BEL,,,,,,,,,,,,,,,
1916,BEL,,,,,,,,,,,,,,,
1917,BEL,,,,,,,,,,,,,,,
1918,BEL,,,,,,,,,,,,,,,
1919,BEL,0.5,,,,,,,,,,,,,,
1920,BEL,0.5,,,,,,,,,,,,,,
1921,BEL,0.5,,,,,,,,,,,,,,
1922,BEL,0.5,,,,,,,,,,,,,,
1923,BEL,0.5,,,,,,,,,,,,,,
1924,BEL,0.5,,,,,,,,,,,,,,
1925,BEL,1,,,,,,,,,,,,,,
1926,BEL,1,,,,,,,,,,,,,,
1927,BEL,1,,,,,,,,,,,,,,
1928,BEL,1,,,,,,,,,,,,,,
1929,BEL,1,,,,,,,,,,,,,,
1930,BEL,1,,,,,,,,,,,,,,
1931,BEL,1,,,,,,,,,,,,,,
1932,BEL,1,,,,,,,,,,,,,,
1933,BEL,1,,,,,,,,,,,,,,
1934,BEL,1,,,,,,,,,,,,,,
1935,BEL,0.25,,,,,,,,,,,,,,
1936,BEL,0.25,,,,,,,,,,,,,,
1937,BEL,0.25,,,,,,,,,,,,,,
1938,BEL,0.25,,,,,,,,,,,,,,
1939,BEL,,,,,,,,,,,,,,,
1940,BEL,,,,,,,,,,,,,,,
1941,BEL,,,,,,,,,,,,,,,
1942,BEL,,,,,,,,,,,,,,,
1943,BEL,,,,,,,,,,,,,,,
1944,BEL,,,,,,,,,,,,,,,
1945,BEL,,,,,,,,,,,,,,,
1946,BEL,,,,,,,,,,,,,,,
1947,BEL,,,,,,,,,,,,,,,
1948,BEL,,,,,,,,,,,,,,,
1949,BEL,,,,,,,,,,,,,,,
1950,BEL,0.5,,,,,,,,,,,,,,
1951,BEL,0.75,,,,,,,,,,,,,,
1952,BEL,0.75,,,,,,,,,,,,,,
1953,BEL,0.75,,,,,,,,,,,,,,
1954,BEL,0.75,,,,,,,,,,,,,,
1955,BEL,0.75,,,,,,,,,,,,,,
1956,BEL,0.75,,,,,,,,,,,,,,
1957,BEL,0.75,,,,,,,,,,,,,,
1958,BEL,0.75,,,,,,,,,,,,,,
1959,BEL,0.75,,,,,,,,,,,,,,
1960,BEL,0.75,,,,,,,,,,,,,,
1961,BEL,0.75,,,,,,,,,,,,,,
1962,BEL,0.75,,,,,,,,,,,,,,
1963,BEL,0.75,,,,,,,,,,,,,,
1964,BEL,0.75,,,,,,,,,,,,,,
1965,BEL,0.75,,,,,,,,,,,,,,
1966,BEL,0.75,,,,,,,,,,,,,,
1967,BEL,0.625,,,,,,,,,,,,,,
1968,BEL,0.75,,,,,,,,,,,,,,
1969,BEL,0.75,,,,,,,,,,,,,,
1970,BEL,0.75,,,,,,,,,,,,,,
1971,BEL,0.75,,,,,,,,,,,,,,
1972,BEL,0.75,,,,,,,,,,,,,,
1973,BEL,0.75,,,,,,,,,,,,,,
1974,BEL,0.75,,,,,,,,,,,,,,
1975,BEL,0.75,,,,,,,,,,,,,,
1976,BEL,0.75,,,,,,,,,,,,,,
1977,BEL,0.75,,,,,,,,,,,,,,
1978,BEL,0.75,,,,,,,,,,,,,,
1979,BEL,0.75,,,,,,,,,,,,,,
1980,BEL,0.75,,,,,,,,,,,,,,
1981,BEL,0.75,,,,,,,,,,,,,,
1982,BEL,0.75,,,,,,,,,,,,,,
1983,BEL,0.75,,,,,,,,,,,,,,
1984,BEL,0.75,,,,,,,,,,,,,,
1985,BEL,0.75,,,,,,,,,,,,,,
1986,BEL,0.75,,,,,,,,,,,,,,
1987,BEL,0.75,,,,,,,,,,,,,,
1988,BEL,0.75,,,,,,,,,,,,,,
1989,BEL,0.75,,,,,,,,,,,,,,
1990,BEL,1,,,,,,,,,,,,,,
1991,BEL,1,,,,,,,,,,,,,,
1992,BEL,1,,,,,,,,,,,,,,
1993,BEL,1,,,,,,,,,,,,,,
1994,BEL,1,,,,,,,,,,,,,,
1995,BEL,1,,,,,,,,,,,,,,
1996,BEL,0.875,,,,,,,,,,,,,,
1997,BEL,0.875,,,,,,,,,,,,,,
1998,BEL,0.875,,,,,,,,,,,,,,
1999,BEL,1,,,,,,,,,,,,,,
2000,BEL,1,,,,,,,,,,,,,,
2001,BEL,1,,,,,,,,,,,,,,
2002,BEL,1,,,,,,,,,,,,,,
2003,BEL,1,,,,,,,,,,,,,,
2004,BEL,1,,,,,,,,,,,,,,
2005,BEL,1,,,,,,,,,,,,,,
2006,BEL,1,,,,,,,,,,,,,,
2007,BEL,1,,,,,,,,,,,,,,
2008,BEL,1,,,,,,,,,,,,,,
2009,BEL,1,,,,,,,,,,,,,,
2010,BEL,1,,,,,,,,,,,,,,
2011,BEL,1,,,,,,,,,,,,,,
2012,BEL,1,,,,,,,,,,,,,,
2013,BEL,1,,,,,,,,,,,,,,
2014,BEL,1,,,,,,,,,,,,,,
2015,BEL,1,,,,,,,,,,,,,,
2016,BEL,1,,,,,,,,,,,,,,
2017,BEL,1,,,,,,,,,,,,,,
2018,BEL,1,,,,,,,,,,,,,,
2019,BEL,1,,,,,,,,,,,,,,
2020,BEL,1,,,,,,,,,,,,,,
1870,CAN,1,,,,,,,,,,,,,,
1871,CAN,1,,,,,,,,,,,,,,
1872,CAN,1,,,,,,,,,,,,,,
1873,CAN,1,,,,,,,,,,,,,,
1874,CAN,1,,,,,,,,,,,,,,
1875,CAN,1,,,,,,,,,,,,,,
1876,CAN,1,,,,,,,,,,,,,,
1877,CAN,1,,,,,,,,,,,,,,
1878,CAN,1,,,,,,,,,,,,,,
1879,CAN,1,,,,,,,,,,,,,,
1880,CAN,1,,,,,,,,,,,,,,
1881,CAN,1,,,,,,,,,,,,,,
1882,CAN,1,,,,,,,,,,,,,,
1883,CAN,1,,,,,,,,,,,,,,
1884,CAN,1,,,,,,,,,,,,,,
1885,CAN,1,,,,,,,,,,,,,,
1886,CAN,1,,,,,,,,,,,,,,
1887,CAN,1,,,,,,,,,,,,,,
1888,CAN,1,,,,,,,,,,,,,,
1889,CAN,1,,,,,,,,,,,,,,
1890,CAN,1,,,,,,,,,,,,,,
1891,CAN,1,,,,,,,,,,,,,,
1892,CAN,1,,,,,,,,,,,,,,
1893,CAN,1,,,,,,,,,,,,,,
1894,CAN,1,,,,,,,,,,,,,,
1895,CAN,1,,,,,,,,,,,,,,
1896,CAN,1,,,,,,,,,,,,,,
1897,CAN,1,,,,,,,,,,,,,,
1898,CAN,1,,,,,,,,,,,,,,
1899,CAN,1,,,,,,,,,,,,,,
1900,CAN,1,,,,,,,,,,,,,,
1901,CAN,1,,,,,,,,,,,,,,
1902,CAN,1,,,,,,,,,,,,,,
1903,CAN,1,,,,,,,,,,,,,,
1904,CAN,1,,,,,,,,,,,,,,
1905,CAN,1,,,,,,,,,,,,,,
1906,CAN,1,,,,,,,,,,,,,,
1907,CAN,1,,,,,,,,,,,,,,
1908,CAN,1,,,,,,,,,,,,,,
1909,CAN,1,,,,,,,,,,,,,,
1910,CAN,1,,,,,,,,,,,,,,
1911,CAN,1,,,,,,,,,,,,,,
1912,CAN,1,,,,,,,,,,,,,,
1913,CAN,1,,,,,,,,,,,,,,
1914,CAN,1,,,,,,,,,,,,,,
1915,CAN,1,,,,,,,,,,,,,,
1916,CAN,1,,,,,,,,,,,,,,
1917,CAN,0.75,,,,,,,,,,,,,,
1918,CAN,0.75,,,,,,,,,,,,,,
1919,CAN,0.5,,,,,,,,,,,,,,
1920,CAN,0.5,,,,,,,,,,,,,,
1921,CAN,0.5,,,,,,,,,,,,,,
1922,CAN,0.5,,,,,,,,,,,,,,
1923,CAN,0.5,,,,,,,,,,,,,,
1924,CAN,0.5,,,,,,,,,,,,,,
1925,CAN,0.5,,,,,,,,,,,,,,
1926,CAN,1,,,,,,,,,,,,,,
1927,CAN,1,,,,,,,,,,,,,,
1928,CAN,1,,,,,,,,,,,,,,
1929,CAN,1,,,,,,,,,,,,,,
1930,CAN,1,,,,,,,,,,,,,,
1931,CAN,1,,,,,,,,,,,,,,
1932,CAN,0.5,,,,,,,,,,,,,,
1933,CAN,0.5,,,,,,,,,,,,,,
1934,CAN,0.5,,,,,,,,,,,,,,
1935,CAN,0.5,,,,,,,,,,,,,,
1936,CAN,0.5,,,,,,,,,,,,,,
1937,CAN,0.5,,,,,,,,,,,,,,
1938,CAN,0.5,,,,,,,,,,,,,,
1939,CAN,,,,,,,,,,,,,,,
1940,CAN,,,,,,,,,,,,,,,
1941,CAN,,,,,,,,,,,,,,,
1942,CAN,,,,,,,,,,,,,,,
1943,CAN,,,,,,,,,,,,,,,
1944,CAN,,,,,,,,,,,,,,,
1945,CAN,,,,,,,,,,,,,,,
1946,CAN,,,,,,,,,,,,,,,
1947,CAN,,,,,,,,,,,,,,,
1948,CAN,,,,,,,,,,,,,,,
1949,CAN,,,,,,,,,,,,,,,
1950,CAN,0.5,,,,,,,,,,,,,,
1951,CAN,0.5,,,,,,,,,,,,,,
1952,CAN,1,,,,,,,,,,,,,,
1953,CAN,1,,,,,,,,,,,,,,
1954,CAN,1,,,,,,,,,,,,,,
1955,CAN,1,,,,,,,,,,,,,,
1956,CAN,1,,,,,,,,,,,,,,
1957,CAN,1,,,,,,,,,,,,,,
1958,CAN,1,,,,,,,,,,,,,,
1959,CAN,1,,,,,,,,,,,,,,
1960,CAN,1,,,,,,,,,,,,,,
1961,CAN,1,,,,,,,,,,,,,,
1962,CAN,1,,,,,,,,,,,,,,
1963,CAN,1,,,,,,,,,,,,,,
1964,CAN,1,,,,,,,,,,,,,,
1965,CAN,1,,,,,,,,,,,,,,
1966,CAN,1,,,,,,,,,,,,,,
1967,CAN,1,,,,,,,,,,,,,,
1968,CAN,0.875,,,,,,,,,,,,,,
1969,CAN,0.875,,,,,,,,,,,,,,
1970,CAN,0.875,,,,,,,,,,,,,,
1971,CAN,0.875,,,,,,,,,,,,,,
1972,CAN,0.875,,,,,,,,,,,,,,
1973,CAN,0.75,,,,,,,,,,,,,,
1974,CAN,0.75,,,,,,,,,,,,,,
1975,CAN,0.75,,,,,,,,,,,,,,
1976,CAN,0.75,,,,,,,,,,,,,,
1977,CAN,0.75,,,,,,,,,,,,,,
1978,CAN,0.75,,,,,,,,,,,,,,
1979,CAN,0.75,,,,,,,,,,,,,,
1980,CAN,0.75,,,,,,,,,,,,,,
1981,CAN,0.75,,,,,,,,,,,,,,
1982,CAN,0.75,,,,,,,,,,,,,,
1983,CAN,0.75,,,,,,,,,,,,,,
1984,CAN,0.75,,,,,,,,,,,,,,
1985,CAN,0.875,,,,,,,,,,,,,,
1986,CAN,0.875,,,,,,,,,,,,,,
1987,CAN,0.875,,,,,,,,,,,,,,
1988,CAN,1,,,,,,,,,,,,,,
1989,CAN,1,,,,,,,,,,,,,,
1990,CAN,1,,,,,,,,,,,,,,
1991,CAN,1,,,,,,,,,,,,,,
1992,CAN,1,,,,,,,,,,,,,,
1993,CAN,1,,,,,,,,,,,,,,
1994,CAN,1,,,,,,,,,,,,,,
1995,CAN,1,,,,,,,,,,,,,,
1996,CAN,1,,,,,,,,,,,,,,
1997,CAN,1,,,,,,,,,,,,,,
1998,CAN,1,,,,,,,,,,,,,,
1999,CAN,1,,,,,,,,,,,,,,
2000,CAN,1,,,,,,,,,,,,,,
2001,CAN,1,,,,,,,,,,,,,,
2002,CAN,1,,,,,,,,,,,,,,
2003,CAN,1,,,,,,,,,,,,,,
2004,CAN,1,,,,,,,,,,,,,,
2005,CAN,1,,,,,,,,,,,,,,
2006,CAN,1,,,,,,,,,,,,,,
2007,CAN,1,,,,,,,,,,,,,,
2008,CAN,1,,,,,,,,,,,,,,
2009,CAN,1,,,,,,,,,,,,,,
2010,CAN,1,,,,,,,,,,,,,,
2011,CAN,1,,,,,,,,,,,,,,
2012,CAN,1,,,,,,,,,,,,,,
2013,CAN,1,,,,,,,,,,,,,,
2014,CAN,1,,,,,,,,,,,,,,
2015,CAN,1,,,,,,,,,,,,,,
2016,CAN,1,,,,,,,,,,,,,,
2017,CAN,1,,,,,,,,,,,,,,
2018,CAN,1,,,,,,,,,,,,,,
2019,CAN,1,,,,,,,,,,,,,,
2020,CAN,1,,,,,,,,,,,,,,
1870,CHE,1,,,,,,,,,,,,,,
1871,CHE,1,,,,,,,,,,,,,,
1872,CHE,1,,,,,,,,,,,,,,
1873,CHE,1,,,,,,,,,,,,,,
1874,CHE,1,,,,,,,,,,,,,,
1875,CHE,1,,,,,,,,,,,,,,
1876,CHE,1,,,,,,,,,,,,,,
1877,CHE,1,,,,,,,,,,,,,,
1878,CHE,1,,,,,,,,,,,,,,
1879,CHE,1,,,,,,,,,,,,,,
1880,CHE,1,,,,,,,,,,,,,,
1881,CHE,1,,,,,,,,,,,,,,
1882,CHE,1,,,,,,,,,,,,,,
1883,CHE,1,,,,,,,,,,,,,,
1884,CHE,1,,,,,,,,,,,,,,
1885,CHE,1,,,,,,,,,,,,,,
1886,CHE,1,,,,,,,,,,,,,,
1887,CHE,1,,,,,,,,,,,,,,
1888,CHE,1,,,,,,,,,,,,,,
1889,CHE,1,,,,,,,,,,,,,,
1890,CHE,1,,,,,,,,,,,,,,
1891,CHE,1,,,,,,,,,,,,,,
1892,CHE,1,,,,,,,,,,,,,,
1893,CHE,1,,,,,,,,,,,,,,
1894,CHE,1,,,,,,,,,,,,,,
1895,CHE,1,,,,,,,,,,,,,,
1896,CHE,1,,,,,,,,,,,,,,
1897,CHE,1,,,,,,,,,,,,,,
1898,CHE,1,,,,,,,,,,,,,,
1899,CHE,1,,,,,,,,,,,,,,
1900,CHE,1,,,,,,,,,,,,,,
1901,CHE,1,,,,,,,,,,,,,,
1902,CHE,1,,,,,,,,,,,,,,
1903,CHE,1,,,,,,,,,,,,,,
1904,CHE,1,,,,,,,,,,,,,,
1905,CHE,1,,,,,,,,,,,,,,
1906,CHE,1,,,,,,,,,,,,,,
1907,CHE,1,,,,,,,,,,,,,,
1908,CHE,1,,,,,,,,,,,,,,
1909,CHE,1,,,,,,,,,,,,,,
1910,CHE,1,,,,,,,,,,,,,,
1911,CHE,1,,,,,,,,,,,,,,
1912,CHE,1,,,,,,,,,,,,,,
1913,CHE,1,,,,,,,,,,,,,,
1914,CHE,1,,,,,,,,,,,,,,
1915,CHE,1,,,,,,,,,,,,,,
1916,CHE,1,,,,,,,,,,,,,,
1917,CHE,1,,,,,,,,,,,,,,
1918,CHE,1,,,,,,,,,,,,,,
1919,CHE,0.5,,,,,,,,,,,,,,
1920,CHE,0.5,,,,,,,,,,,,,,
1921,CHE,0.5,,,,,,,,,,,,,,
1922,CHE,0.5,,,,,,,,,,,,,,
1923,CHE,0.5,,,,,,,,,,,,,,
1924,CHE,0.5,,,,,,,,,,,,,,
1925,CHE,1,,,,,,,,,,,,,,
1926,CHE,1,,,,,,,,,,,,,,
1927,CHE,1,,,,,,,,,,,,,,
1928,CHE,1,,,,,,,,,,,,,,
1929,CHE,1,,,,,,,,,,,,,,
1930,CHE,1,,,,,,,,,,,,,,
1931,CHE,1,,,,,,,,,,,,,,
1932,CHE,1,,,,,,,,,,,,,,
1933,CHE,1,,,,,,,,,,,,,,
1934,CHE,1,,,,,,,,,,,,,,
1935,CHE,1,,,,,,,,,,,,,,
1936,CHE,1,,,,,,,,,,,,,,
1937,CHE,1,,,,,,,,,,,,,,
1938,CHE,1,,,,,,,,,,,,,,
1939,CHE,,,,,,,,,,,,,,,
1940,CHE,,,,,,,,,,,,,,,
1941,CHE,,,,,,,,,,,,,,,
1942,CHE,,,,,,,,,,,,,,,
1943,CHE,,,,,,,,,,,,,,,
1944,CHE,,,,,,,,,,,,,,,
1945,CHE,,,,,,,,,,,,,,,
1946,CHE,,,,,,,,,,,,,,,
1947,CHE,,,,,,,,,,,,,,,
1948,CHE,,,,,,,,,,,,,,,
1949,CHE,,,,,,,,,,,,,,,
1950,CHE,1,,,,,,,,,,,,,,
1951,CHE,1,,,,,,,,,,,,,,
1952,CHE,1,,,,,,,,,,,,,,
1953,CHE,1,,,,,,,,,,,,,,
1954,CHE,1,,,,,,,,,,,,,,
1955,CHE,1,,,,,,,,,,,,,,
1956,CHE,1,,,,,,,,,,,,,,
1957,CHE,1,,,,,,,,,,,,,,
1958,CHE,1,,,,,,,,,,,,,,
1959,CHE,1,,,,,,,,,,,,,,
1960,CHE,1,,,,,,,,,,,,,,
1961,CHE,1,,,,,,,,,,,,,,
1962,CHE,1,,,,,,,,,,,,,,
1963,CHE,1,,,,,,,,,,,,,,
1964,CHE,0.75,,,,,,,,,,,,,,
1965,CHE,0.75,,,,,,,,,,,,,,
1966,CHE,1,,,,,,,,,,,,,,
1967,CHE,1,,,,,,,,,,,,,,
1968,CHE,1,,,,,,,,,,,,,,
1969,CHE,1,,,,,,,,,,,,,,
1970,CHE,1,,,,,,,,,,,,,,
1971,CHE,1,,,,,,,,,,,,,,
1972,CHE,1,,,,,,,,,,,,,,
1973,CHE,1,,,,,,,,,,,,,,
1974,CHE,0.875,,,,,,,,,,,,,,
1975,CHE,0.875,,,,,,,,,,,,,,
1976,CHE,0.875,,,,,,,,,,,,,,
1977,CHE,0.875,,,,,,,,,,,,,,
1978,CHE,0.875,,,,,,,,,,,,,,
1979,CHE,1,,,,,,,,,,,,,,
1980,CHE,1,,,,,,,,,,,,,,
1981,CHE,1,,,,,,,,,,,,,,
1982,CHE,1,,,,,,,,,,,,,,
1983,CHE,1,,,,,,,,,,,,,,
1984,CHE,1,,,,,,,,,,,,,,
1985,CHE,1,,,,,,,,,,,,,,
1986,CHE,1,,,,,,,,,,,,,,
1987,CHE,1,,,,,,,,,,,,,,
1988,CHE,1,,,,,,,,,,,,,,
1989,CHE,1,,,,,,,,,,,,,,
1990,CHE,1,,,,,,,,,,,,,,
1991,CHE,1,,,,,,,,,,,,,,
1992,CHE,1,,,,,,,,,,,,,,
1993,CHE,1,,,,,,,,,,,,,,
1994,CHE,1,,,,,,,,,,,,,,
1995,CHE,1,,,,,,,,,,,,,,
1996,CHE,1,,,,,,,,,,,,,,
1997,CHE,1,,,,,,,,,,,,,,
1998,CHE,1,,,,,,,,,,,,,,
1999,CHE,1,,,,,,,,,,,,,,
2000,CHE,1,,,,,,,,,,,,,,
2001,CHE,1,,,,,,,,,,,,,,
2002,CHE,1,,,,,,,,,,,,,,
2003,CHE,1,,,,,,,,,,,,,,
2004,CHE,1,,,,,,,,,,,,,,
2005,CHE,1,,,,,,,,,,,,,,
2006,CHE,1,,,,,,,,,,,,,,
2007,CHE,1,,,,,,,,,,,,,,
2008,CHE,1,,,,,,,,,,,,,,
2009,CHE,1,,,,,,,,,,,,,,
2010,CHE,1,,,,,,,,,,,,,,
2011,CHE,1,,,,,,,,,,,,,,
2012,CHE,1,,,,,,,,,,,,,,
2013,CHE,1,,,,,,,,,,,,,,
2014,CHE,1,,,,,,,,,,,,,,
2015,CHE,1,,,,,,,,,,,,,,
2016,CHE,1,,,,,,,,,,,,,,
2017,CHE,1,,,,,,,,,,,,,,
2018,CHE,1,,,,,,,,,,,,,,
2019,CHE,1,,,,,,,,,,,,,,
2020,CHE,1,,,,,,,,,,,,,,
1870,DEU,1,,,,,,,,,,,,,,
1871,DEU,1,,,,,,,,,,,,,,
1872,DEU,1,,,,,,,,,,,,,,
1873,DEU,1,,,,,,,,,,,,,,
1874,DEU,1,,,,,,,,,,,,,,
1875,DEU,1,,,,,,,,,,,,,,
1876,DEU,1,,,,,,,,,,,,,,
1877,DEU,1,,,,,,,,,,,,,,
1878,DEU,1,,,,,,,,,,,,,,
1879,DEU,1,,,,,,,,,,,,,,
1880,DEU,1,,,,,,,,,,,,,,
1881,DEU,1,,,,,,,,,,,,,,
1882,DEU,1,,,,,,,,,,,,,,
1883,DEU,1,,,,,,,,,,,,,,
1884,DEU,1,,,,,,,,,,,,,,
1885,DEU,1,,,,,,,,,,,,,,
1886,DEU,1,,,,,,,,,,,,,,
1887,DEU,1,,,,,,,,,,,,,,
1888,DEU,1,,,,,,,,,,,,,,
1889,DEU,1,,,,,,,,,,,,,,
1890,DEU,1,,,,,,,,,,,,,,
1891,DEU,1,,,,,,,,,,,,,,
1892,DEU,1,,,,,,,,,,,,,,
1893,DEU,1,,,,,,,,,,,,,,
1894,DEU,1,,,,,,,,,,,,,,
1895,DEU,1,,,,,,,,,,,,,,
1896,DEU,1,,,,,,,,,,,,,,
1897,DEU,1,,,,,,,,,,,,,,
1898,DEU,1,,,,,,,,,,,,,,
1899,DEU,1,,,,,,,,,,,,,,
1900,DEU,1,,,,,,,,,,,,,,
1901,DEU,1,,,,,,,,,,,,,,
1902,DEU,1,,,,,,,,,,,,,,
1903,DEU,1,,,,,,,,,,,,,,
1904,DEU,1,,,,,,,,,,,,,,
1905,DEU,1,,,,,,,,,,,,,,
1906,DEU,1,,,,,,,,,,,,,,
1907,DEU,1,,,,,,,,,,,,,,
1908,DEU,1,,,,,,,,,,,,,,
1909,DEU,1,,,,,,,,,,,,,,
1910,DEU,1,,,,,,,,,,,,,,
1911,DEU,1,,,,,,,,,,,,,,
1912,DEU,1,,,,,,,,,,,,,,
1913,DEU,1,,,,,,,,,,,,,,
1914,DEU,1,,,,,,,,,,,,,,
1915,DEU,,,,,,,,,,,,,,,
1916,DEU,,,,,,,,,,,,,,,
1917,DEU,,,,,,,,,,,,,,,
1918,DEU,,,,,,,,,,,,,,,
1919,DEU,0.5,,,,,,,,,,,,,,
1920,DEU,0.5,,,,,,,,,,,,,,
1921,DEU,0.25,,,,,,,,,,,,,,
1922,DEU,0.25,,,,,,,,,,,,,,
1923,DEU,0.25,,,,,,,,,,,,,,
1924,DEU,1,,,,,,,,,,,,,,
1925,DEU,1,,,,,,,,,,,,,,
1926,DEU,1,,,,,,,,,,,,,,
1927,DEU,1,,,,,,,,,,,,,,
1928,DEU,1,,,,,,,,,,,,,,
1929,DEU,1,,,,,,,,,,,,,,
1930,DEU,1,,,,,,,,,,,,,,
1931,DEU,0,,,,,,,,,,,,,,
1932,DEU,0,,,,,,,,,,,,,,
1933,DEU,0,,,,,,,,,,,,,,
1934,DEU,0,,,,,,,,,,,,,,
1935,DEU,0,,,,,,,,,,,,,,
1936,DEU,0,,,,,,,,,,,,,,
1937,DEU,0,,,,,,,,,,,,,,
1938,DEU,0,,,,,,,,,,,,,,
1939,DEU,,,,,,,,,,,,,,,
1940,DEU,,,,,,,,,,,,,,,
1941,DEU,,,,,,,,,,,,,,,
1942,DEU,,,,,,,,,,,,,,,
1943,DEU,,,,,,,,,,,,,,,
1944,DEU,,,,,,,,,,,,,,,
1945,DEU,,,,,,,,,,,,,,,
1946,DEU,,,,,,,,,,,,,,,
1947,DEU,,,,,,,,,,,,,,,
1948,DEU,,,,,,,,,,,,,,,
1949,DEU,,,,,,,,,,,,,,,
1950,DEU,0.125,,,,,,,,,,,,,,
1951,DEU,0.125,,,,,,,,,,,,,,
1952,DEU,0.25,,,,,,,,,,,,,,
1953,DEU,0.5,,,,,,,,,,,,,,
1954,DEU,0.75,,,,,,,,,,,,,,
1955,DEU,0.75,,,,,,,,,,,,,,
1956,DEU,0.75,,,,,,,,,,,,,,
1957,DEU,1,,,,,,,,,,,,,,
1958,DEU,1,,,,,,,,,,,,,,
1959,DEU,1,,,,,,,,,,,,,,
1960,DEU,1,,,,,,,,,,,,,,
1961,DEU,1,,,,,,,,,,,,,,
1962,DEU,1,,,,,,,,,,,,,,
1963,DEU,1,,,,,,,,,,,,,,
1964,DEU,1,,,,,,,,,,,,,,
1965,DEU,1,,,,,,,,,,,,,,
1966,DEU,1,,,,,,,,,,,,,,
1967,DEU,1,,,,,,,,,,,,,,
1968,DEU,1,,,,,,,,,,,,,,
1969,DEU,1,,,,,,,,,,,,,,
1970,DEU,1,,,,,,,,,,,,,,
1971,DEU,1,,,,,,,,,,,,,,
1972,DEU,1,,,,,,,,,,,,,,
1973,DEU,0.875,,,,,,,,,,,,,,
1974,DEU,1,,,,,,,,,,,,,,
1975,DEU,1,,,,,,,,,,,,,,
1976,DEU,1,,,,,,,,,,,,,,
1977,DEU,1,,,,,,,,,,,,,,
1978,DEU,0.875,,,,,,,,,,,,,,
1979,DEU,0.875,,,,,,,,,,,,,,
1980,DEU,0.875,,,,,,,,,,,,,,
1981,DEU,1,,,,,,,,,,,,,,
1982,DEU,1,,,,,,,,,,,,,,
1983,DEU,1,,,,,,,,,,,,,,
1984,DEU,1,,,,,,,,,,,,,,
1985,DEU,1,,,,,,,,,,,,,,
1986,DEU,1,,,,,,,,,,,,,,
1987,DEU,1,,,,,,,,,,,,,,
1988,DEU,1,,,,,,,,,,,,,,
1989,DEU,1,,,,,,,,,,,,,,
1990,DEU,1,,,,,,,,,,,,,,
1991,DEU,1,,,,,,,,,,,,,,
1992,DEU,1,,,,,,,,,,,,,,
1993,DEU,1,,,,,,,,,,,,,,
1994,DEU,1,,,,,,,,,,,,,,
1995,DEU,1,,,,,,,,,,,,,,
1996,DEU,1,,,,,,,,,,,,,,
1997,DEU,1,,,,,,,,,,,,,,
1998,DEU,1,,,,,,,,,,,,,,
1999,DEU,1,,,,,,,,,,,,,,
2000,DEU,1,,,,,,,,,,,,,,
2001,DEU,1,,,,,,,,,,,,,,
2002,DEU,1,,,,,,,,,,,,,,
2003,DEU,1,,,,,,,,,,,,,,
2004,DEU,1,,,,,,,,,,,,,,
2005,DEU,1,,,,,,,,,,,,,,
2006,DEU,1,,,,,,,,,,,,,,
2007,DEU,1,,,,,,,,,,,,,,
2008,DEU,1,,,,,,,,,,,,,,
2009,DEU,1,,,,,,,,,,,,,,
2010,DEU,1,,,,,,,,,,,,,,
2011,DEU,1,,,,,,,,,,,,,,
2012,DEU,1,,,,,,,,,,,,,,
2013,DEU,1,,,,,,,,,,,,,,
2014,DEU,1,,,,,,,,,,,,,,
2015,DEU,1,,,,,,,,,,,,,,
2016,DEU,1,,,,,,,,,,,,,,
2017,DEU,1,,,,,,,,,,,,,,
2018,DEU,1,,,,,,,,,,,,,,
2019,DEU,1,,,,,,,,,,,,,,
2020,DEU,1,,,,,,,,,,,,,,
1870,DNK,1,,,,,,,,,,,,,,
1871,DNK,1,,,,,,,,,,,,,,
1872,DNK,1,,,,,,,,,,,,,,
1873,DNK,1,,,,,,,,,,,,,,
1874,DNK,1,,,,,,,,,,,,,,
1875,DNK,1,,,,,,,,,,,,,,
1876,DNK,1,,,,,,,,,,,,,,
1877,DNK,1,,,,,,,,,,,,,,
1878,DNK,1,,,,,,,,,,,,,,
1879,DNK,1,,,,,,,,,,,,,,
1880,DNK,1,,,,,,,,,,,,,,
1881,DNK,1,,,,,,,,,,,,,,
1882,DNK,1,,,,,,,,,,,,,,
1883,DNK,1,,,,,,,,,,,,,,
1884,DNK,1,,,,,,,,,,,,,,
1885,DNK,1,,,,,,,,,,,,,,
1886,DNK,1,,,,,,,,,,,,,,
1887,DNK,1,,,,,,,,,,,,,,
1888,DNK,1,,,,,,,,,,,,,,
1889,DNK,1,,,,,,,,,,,,,,
1890,DNK,1,,,,,,,,,,,,,,
1891,DNK,1,,,,,,,,,,,,,,
1892,DNK,1,,,,,,,,,,,,,,
1893,DNK,1,,,,,,,,,,,,,,
1894,DNK,1,,,,,,,,,,,,,,
1895,DNK,1,,,,,,,,,,,,,,
1896,DNK,1,,,,,,,,,,,,,,
1897,DNK,1,,,,,,,,,,,,,,
1898,DNK,1,,,,,,,,,,,,,,
1899,DNK,1,,,,,,,,,,,,,,
1900,DNK,1,,,,,,,,,,,,,,
1901,DNK,1,,,,,,,,,,,,,,
1902,DNK,1,,,,,,,,,,,,,,
1903,DNK,1,,,,,,,,,,,,,,
1904,DNK,1,,,,,,,,,,,,,,
1905,DNK,1,,,,,,,,,,,,,,
1906,DNK,1,,,,,,,,,,,,,,
1907,DNK,1,,,,,,,,,,,,,,
1908,DNK,1,,,,,,,,,,,,,,
1909,DNK,1,,,,,,,,,,,,,,
1910,DNK,1,,,,,,,,,,,,,,
1911,DNK,1,,,,,,,,,,,,,,
1912,DNK,1,,,,,,,,,,,,,,
1913,DNK,1,,,,,,,,,,,,,,
1914,DNK,,,,,,,,,,,,,,,
1915,DNK,,,,,,,,,,,,,,,
1916,DNK,,,,,,,,,,,,,,,
1917,DNK,,,,,,,,,,,,,,,
1918,DNK,,,,,,,,,,,,,,,
1919,DNK,0.5,,,,,,,,,,,,,,
1920,DNK,0.5,,,,,,,,,,,,,,
1921,DNK,0.5,,,,,,,,,,,,,,
1922,DNK,0.5,,,,,,,,,,,,,,
1923,DNK,0.5,,,,,,,,,,,,,,
1924,DNK,0.5,,,,,,,,,,,,,,
1925,DNK,0.5,,,,,,,,,,,,,,
1926,DNK,0.5,,,,,,,,,,,,,,
1927,DNK,1,,,,,,,,,,,,,,
1928,DNK,1,,,,,,,,,,,,,,
1929,DNK,1,,,,,,,,,,,,,,
1930,DNK,1,,,,,,,,,,,,,,
1931,DNK,0.25,,,,,,,,,,,,,,
1932,DNK,0.25,,,,,,,,,,,,,,
1933,DNK,0.25,,,,,,,,,,,,,,
1934,DNK,0.25,,,,,,,,,,,,,,
1935,DNK,0.25,,,,,,,,,,,,,,
1936,DNK,0.25,,,,,,,,,,,,,,
1937,DNK,0.25,,,,,,,,,,,,,,
1938,DNK,0.25,,,,,,,,,,,,,,
1939,DNK,,,,,,,,,,,,,,,
1940,DNK,,,,,,,,,,,,,,,
1941,DNK,,,,,,,,,,,,,,,
1942,DNK,,,,,,,,,,,,,,,
1943,DNK,,,,,,,,,,,,,,,
1944,DNK,,,,,,,,,,,,,,,
1945,DNK,,,,,,,,,,,,,,,
1946,DNK,,,,,,,,,,,,,,,
1947,DNK,,,,,,,,,,,,,,,
1948,DNK,,,,,,,,,,,,,,,
1949,DNK,,,,,,,,,,,,,,,
1950,DNK,0.25,,,,,,,,,,,,,,
1951,DNK,0.25,,,,,,,,,,,,,,
1952,DNK,0.375,,,,,,,,,,,,,,
1953,DNK,0.375,,,,,,,,,,,,,,
1954,DNK,0.375,,,,,,,,,,,,,,
1955,DNK,0.375,,,,,,,,,,,,,,
1956,DNK,0.5,,,,,,,,,,,,,,
1957,DNK,0.5,,,,,,,,,,,,,,
1958,DNK,0.5,,,,,,,,,,,,,,
1959,DNK,0.625,,,,,,,,,,,,,,
1960,DNK,0.625,,,,,,,,,,,,,,
1961,DNK,0.75,,,,,,,,,,,,,,
1962,DNK,0.75,,,,,,,,,,,,,,
1963,DNK,0.75,,,,,,,,,,,,,,
1964,DNK,0.75,,,,,,,,,,,,,,
1965,DNK,0.75,,,,,,,,,,,,,,
1966,DNK,0.75,,,,,,,,,,,,,,
1967,DNK,0.75,,,,,,,,,,,,,,
1968,DNK,0.75,,,,,,,,,,,,,,
1969,DNK,0.75,,,,,,,,,,,,,,
1970,DNK,0.75,,,,,,,,,,,,,,
1971,DNK,0.75,,,,,,,,,,,,,,
1972,DNK,0.75,,,,,,,,,,,,,,
1973,DNK,0.75,,,,,,,,,,,,,,
1974,DNK,0.75,,,,,,,,,,,,,,
1975,DNK,0.75,,,,,,,,,,,,,,
1976,DNK,0.75,,,,,,,,,,,,,,
1977,DNK,0.75,,,,,,,,,,,,,,
1978,DNK,0.75,,,,,,,,,,,,,,
1979,DNK,0.75,,,,,,,,,,,,,,
1980,DNK,0.75,,,,,,,,,,,,,,
1981,DNK,0.75,,,,,,,,,,,,,,
1982,DNK,0.75,,,,,,,,,,,,,,
1983,DNK,0.75,,,,,,,,,,,,,,
1984,DNK,0.75,,,,,,,,,,,,,,
1985,DNK,0.75,,,,,,,,,,,,,,
1986,DNK,0.75,,,,,,,,,,,,,,
1987,DNK,0.75,,,,,,,,,,,,,,
1988,DNK,1,,,,,,,,,,,,,,
1989,DNK,1,,,,,,,,,,,,,,
1990,DNK,1,,,,,,,,,,,,,,
1991,DNK,1,,,,,,,,,,,,,,
1992,DNK,1,,,,,,,,,,,,,,
1993,DNK,1,,,,,,,,,,,,,,
1994,DNK,1,,,,,,,,,,,,,,
1995,DNK,1,,,,,,,,,,,,,,
1996,DNK,1,,,,,,,,,,,,,,
1997,DNK,1,,,,,,,,,,,,,,
1998,DNK,1,,,,,,,,,,,,,,
1999,DNK,1,,,,,,,,,,,,,,
2000,DNK,1,,,,,,,,,,,,,,
2001,DNK,1,,,,,,,,,,,,,,
2002,DNK,1,,,,,,,,,,,,,,
2003,DNK,1,,,,,,,,,,,,,,
2004,DNK,1,,,,,,,,,,,,,,
2005,DNK,1,,,,,,,,,,,,,,
2006,DNK,1,,,,,,,,,,,,,,
2007,DNK,1,,,,,,,,,,,,,,
2008,DNK,1,,,,,,,,,,,,,,
2009,DNK,1,,,,,,,,,,,,,,
2010,DNK,1,,,,,,,,,,,,,,
2011,DNK,1,,,,,,,,,,,,,,
2012,DNK,1,,,,,,,,,,,,,,
2013,DNK,1,,,,,,,,,,,,,,
2014,DNK,1,,,,,,,,,,,,,,
2015,DNK,1,,,,,,,,,,,,,,
2016,DNK,1,,,,,,,,,,,,,,
2017,DNK,1,,,,,,,,,,,,,,
2018,DNK,1,,,,,,,,,,,,,,
2019,DNK,1,,,,,,,,,,,,,,
2020,DNK,1,,,,,,,,,,,,,,
1870,ESP,0.5,,,,,,,,,,,,,,
1871,ESP,0.5,,,,,,,,,,,,,,
1872,ESP,0.5,,,,,,,,,,,,,,
1873,ESP,0.5,,,,,,,,,,,,,,
1874,ESP,0.5,,,,,,,,,,,,,,
1875,ESP,0.5,,,,,,,,,,,,,,
1876,ESP,0.5,,,,,,,,,,,,,,
1877,ESP,0.5,,,,,,,,,,,,,,
1878,ESP,0.5,,,,,,,,,,,,,,
1879,ESP,0.5,,,,,,,,,,,,,,
1880,ESP,0.5,,,,,,,,,,,,,,
1881,ESP,0.5,,,,,,,,,,,,,,
1882,ESP,0.5,,,,,,,,,,,,,,
1883,ESP,0.5,,,,,,,,,,,,,,
1884,ESP,0.5,,,,,,,,,,,,,,
1885,ESP,0.5,,,,,,,,,,,,,,
1886,ESP,0.5,,,,,,,,,,,,,,
1887,ESP,0.5,,,,,,,,,,,,,,
1888,ESP,0.5,,,,,,,,,,,,,,
1889,ESP,0.5,,,,,,,,,,,,,,
1890,ESP,0.5,,,,,,,,,,,,,,
1891,ESP,0.5,,,,,,,,,,,,,,
1892,ESP,0.5,,,,,,,,,,,,,,
1893,ESP,0.5,,,,,,,,,,,,,,
1894,ESP,0.5,,,,,,,,,,,,,,
1895,ESP,0.5,,,,,,,,,,,,,,
1896,ESP,0.5,,,,,,,,,,,,,,
1897,ESP,0.5,,,,,,,,,,,,,,
1898,ESP,0.5,,,,,,,,,,,,,,
1899,ESP,0.5,,,,,,,,,,,,,,
1900,ESP,0.5,,,,,,,,,,,,,,
1901,ESP,0.5,,,,,,,,,,,,,,
1902,ESP,0.5,,,,,,,,,,,,,,
1903,ESP,0.5,,,,,,,,,,,,,,
1904,ESP,0.5,,,,,,,,,,,,,,
1905,ESP,0.5,,,,,,,,,,,,,,
1906,ESP,0.5,,,,,,,,,,,,,,
1907,ESP,0.5,,,,,,,,,,,,,,
1908,ESP,0.5,,,,,,,,,,,,,,
1909,ESP,0.5,,,,,,,,,,,,,,
1910,ESP,0.5,,,,,,,,,,,,,,
1911,ESP,0.5,,,,,,,,,,,,,,
1912,ESP,0.5,,,,,,,,,,,,,,
1913,ESP,0.5,,,,,,,,,,,,,,
1914,ESP,,,,,,,,,,,,,,,
1915,ESP,,,,,,,,,,,,,,,
1916,ESP,,,,,,,,,,,,,,,
1917,ESP,,,,,,,,,,,,,,,
1918,ESP,,,,,,,,,,,,,,,
1919,ESP,0.125,,,,,,,,,,,,,,
1920,ESP,0.125,,,,,,,,,,,,,,
1921,ESP,0.125,,,,,,,,,,,,,,
1922,ESP,0.125,,,,,,,,,,,,,,
1923,ESP,0.125,,,,,,,,,,,,,,
1924,ESP,0.125,,,,,,,,,,,,,,
1925,ESP,0.125,,,,,,,,,,,,,,
1926,ESP,0.125,,,,,,,,,,,,,,
1927,ESP,0.125,,,,,,,,,,,,,,
1928,ESP,0.125,,,,,,,,,,,,,,
1929,ESP,0.125,,,,,,,,,,,,,,
1930,ESP,0.125,,,,,,,,,,,,,,
1931,ESP,0.125,,,,,,,,,,,,,,
1932,ESP,0,,,,,,,,,,,,,,
1933,ESP,0,,,,,,,,,,,,,,
1934,ESP,0,,,,,,,,,,,,,,
1935,ESP,0,,,,,,,,,,,,,,
1936,ESP,0,,,,,,,,,,,,,,
1937,ESP,0,,,,,,,,,,,,,,
1938,ESP,0,,,,,,,,,,,,,,
1939,ESP,,,,,,,,,,,,,,,
1940,ESP,,,,,,,,,,,,,,,
1941,ESP,,,,,,,,,,,,,,,
1942,ESP,,,,,,,,,,,,,,,
1943,ESP,,,,,,,,,,,,,,,
1944,ESP,,,,,,,,,,,,,,,
1945,ESP,,,,,,,,,,,,,,,
1946,ESP,,,,,,,,,,,,,,,
1947,ESP,,,,,,,,,,,,,,,
1948,ESP,,,,,,,,,,,,,,,
1949,ESP,,,,,,,,,,,,,,,
1950,ESP,0.125,,,,,,,,,,,,,,
1951,ESP,0.125,,,,,,,,,,,,,,
1952,ESP,0.125,,,,,,,,,,,,,,
1953,ESP,0.125,,,,,,,,,,,,,,
1954,ESP,0.125,,,,,,,,,,,,,,
1955,ESP,0.125,,,,,,,,,,,,,,
1956,ESP,0.125,,,,,,,,,,,,,,
1957,ESP,0.125,,,,,,,,,,,,,,
1958,ESP,0.125,,,,,,,,,,,,,,
1959,ESP,0.375,,,,,,,,,,,,,,
1960,ESP,0.375,,,,,,,,,,,,,,
1961,ESP,0.375,,,,,,,,,,,,,,
1962,ESP,0.375,,,,,,,,,,,,,,
1963,ESP,0.5,,,,,,,,,,,,,,
1964,ESP,0.5,,,,,,,,,,,,,,
1965,ESP,0.5,,,,,,,,,,,,,,
1966,ESP,0.5,,,,,,,,,,,,,,
1967,ESP,0.5,,,,,,,,,,,,,,
1968,ESP,0.5,,,,,,,,,,,,,,
1969,ESP,0.5,,,,,,,,,,,,,,
1970,ESP,0.5,,,,,,,,,,,,,,
1971,ESP,0.5,,,,,,,,,,,,,,
1972,ESP,0.625,,,,,,,,,,,,,,
1973,ESP,0.5,,,,,,,,,,,,,,
1974,ESP,0.5,,,,,,,,,,,,,,
1975,ESP,0.5,,,,,,,,,,,,,,
1976,ESP,0.5,,,,,,,,,,,,,,
1977,ESP,0.5,,,,,,,,,,,,,,
1978,ESP,0.5,,,,,,,,,,,,,,
1979,ESP,0.5,,,,,,,,,,,,,,
1980,ESP,0.5,,,,,,,,,,,,,,
1981,ESP,0.5,,,,,,,,,,,,,,
1982,ESP,0.5,,,,,,,,,,,,,,
1983,ESP,0.5,,,,,,,,,,,,,,
1984,ESP,0.5,,,,,,,,,,,,,,
1985,ESP,0.75,,,,,,,,,,,,,,
1986,ESP,0.75,,,,,,,,,,,,,,
1987,ESP,0.75,,,,,,,,,,,,,,
1988,ESP,0.75,,,,,,,,,,,,,,
1989,ESP,0.75,,,,,,,,,,,,,,
1990,ESP,0.75,,,,,,,,,,,,,,
1991,ESP,0.75,,,,,,,,,,,,,,
1992,ESP,0.75,,,,,,,,,,,,,,
1993,ESP,0.75,,,,,,,,,,,,,,
1994,ESP,0.75,,,,,,,,,,,,,,
1995,ESP,0.75,,,,,,,,,,,,,,
1996,ESP,0.75,,,,,,,,,,,,,,
1997,ESP,0.75,,,,,,,,,,,,,,
1998,ESP,0.75,,,,,,,,,,,,,,
1999,ESP,1,,,,,,,,,,,,,,
2000,ESP,1,,,,,,,,,,,,,,
2001,ESP,1,,,,,,,,,,,,,,
2002,ESP,1,,,,,,,,,,,,,,
2003,ESP,1,,,,,,,,,,,,,,
2004,ESP,1,,,,,,,,,,,,,,
2005,ESP,1,,,,,,,,,,,,,,
2006,ESP,1,,,,,,,,,,,,,,
2007,ESP,1,,,,,,,,,,,,,,
2008,ESP,1,,,,,,,,,,,,,,
2009,ESP,1,,,,,,,,,,,,,,
2010,ESP,1,,,,,,,,,,,,,,
2011,ESP,1,,,,,,,,,,,,,,
2012,ESP,1,,,,,,,,,,,,,,
2013,ESP,1,,,,,,,,,,,,,,
2014,ESP,1,,,,,,,,,,,,,,
2015,ESP,1,,,,,,,,,,,,,,
2016,ESP,1,,,,,,,,,,,,,,
2017,ESP,1,,,,,,,,,,,,,,
2018,ESP,1,,,,,,,,,,,,,,
2019,ESP,1,,,,,,,,,,,,,,
2020,ESP,1,,,,,,,,,,,,,,
1870,FIN,1,,,,,,,,,,,,,,
1871,FIN,1,,,,,,,,,,,,,,
1872,FIN,1,,,,,,,,,,,,,,
1873,FIN,1,,,,,,,,,,,,,,
1874,FIN,1,,,,,,,,,,,,,,
1875,FIN,1,,,,,,,,,,,,,,
1876,FIN,1,,,,,,,,,,,,,,
1877,FIN,1,,,,,,,,,,,,,,
1878,FIN,1,,,,,,,,,,,,,,
1879,FIN,1,,,,,,,,,,,,,,
1880,FIN,1,,,,,,,,,,,,,,
1881,FIN,1,,,,,,,,,,,,,,
1882,FIN,1,,,,,,,,,,,,,,
1883,FIN,1,,,,,,,,,,,,,,
1884,FIN,1,,,,,,,,,,,,,,
1885,FIN,1,,,,,,,,,,,,,,
1886,FIN,1,,,,,,,,,,,,,,
1887,FIN,1,,,,,,,,,,,,,,
1888,FIN,1,,,,,,,,,,,,,,
1889,FIN,1,,,,,,,,,,,,,,
1890,FIN,1,,,,,,,,,,,,,,
1891,FIN,1,,,,,,,,,,,,,,
1892,FIN,1,,,,,,,,,,,,,,
1893,FIN,1,,,,,,,,,,,,,,
1894,FIN,1,,,,,,,,,,,,,,
1895,FIN,1,,,,,,,,,,,,,,
1896,FIN,1,,,,,,,,,,,,,,
1897,FIN,1,,,,,,,,,,,,,,
1898,FIN,1,,,,,,,,,,,,,,
1899,FIN,1,,,,,,,,,,,,,,
1900,FIN,1,,,,,,,,,,,,,,
1901,FIN,1,,,,,,,,,,,,,,
1902,FIN,1,,,,,,,,,,,,,,
1903,FIN,1,,,,,,,,,,,,,,
1904,FIN,1,,,,,,,,,,,,,,
1905,FIN,1,,,,,,,,,,,,,,
1906,FIN,1,,,,,,,,,,,,,,
1907,FIN,1,,,,,,,,,,,,,,
1908,FIN,1,,,,,,,,,,,,,,
1909,FIN,1,,,,,,,,,,,,,,
1910,FIN,1,,,,,,,,,,,,,,
1911,FIN,1,,,,,,,,,,,,,,
1912,FIN,1,,,,,,,,,,,,,,
1913,FIN,1,,,,,,,,,,,,,,
1914,FIN,,,,,,,,,,,,,,,
1915,FIN,,,,,,,,,,,,,,,
1916,FIN,,,,,,,,,,,,,,,
1917,FIN,,,,,,,,,,,,,,,
1918,FIN,,,,,,,,,,,,,,,
1919,FIN,0.5,,,,,,,,,,,,,,
1920,FIN,0.5,,,,,,,,,,,,,,
1921,FIN,0.5,,,,,,,,,,,,,,
1922,FIN,0.5,,,,,,,,,,,,,,
1923,FIN,0.5,,,,,,,,,,,,,,
1924,FIN,0.5,,,,,,,,,,,,,,
1925,FIN,0.5,,,,,,,,,,,,,,
1926,FIN,1,,,,,,,,,,,,,,
1927,FIN,1,,,,,,,,,,,,,,
1928,FIN,1,,,,,,,,,,,,,,
1929,FIN,1,,,,,,,,,,,,,,
1930,FIN,1,,,,,,,,,,,,,,
1931,FIN,0.5,,,,,,,,,,,,,,
1932,FIN,0.75,,,,,,,,,,,,,,
1933,FIN,0.75,,,,,,,,,,,,,,
1934,FIN,0.75,,,,,,,,,,,,,,
1935,FIN,0.75,,,,,,,,,,,,,,
1936,FIN,0.75,,,,,,,,,,,,,,
1937,FIN,0.75,,,,,,,,,,,,,,
1938,FIN,0.75,,,,,,,,,,,,,,
1939,FIN,,,,,,,,,,,,,,,
1940,FIN,,,,,,,,,,,,,,,
1941,FIN,,,,,,,,,,,,,,,
1942,FIN,,,,,,,,,,,,,,,
1943,FIN,,,,,,,,,,,,,,,
1944,FIN,,,,,,,,,,,,,,,
1945,FIN,,,,,,,,,,,,,,,
1946,FIN,,,,,,,,,,,,,,,
1947,FIN,,,,,,,,,,,,,,,
1948,FIN,,,,,,,,,,,,,,,
1949,FIN,,,,,,,,,,,,,,,
1950,FIN,0,,,,,,,,,,,,,,
1951,FIN,0,,,,,,,,,,,,,,
1952,FIN,0,,,,,,,,,,,,,,
1953,FIN,0,,,,,,,,,,,,,,
1954,FIN,0,,,,,,,,,,,,,,
1955,FIN,0.125,,,,,,,,,,,,,,
1956,FIN,0.125,,,,,,,,,,,,,,
1957,FIN,0.125,,,,,,,,,,,,,,
1958,FIN,0.125,,,,,,,,,,,,,,
1959,FIN,0.125,,,,,,,,,,,,,,
1960,FIN,0.125,,,,,,,,,,,,,,
1961,FIN,0.125,,,,,,,,,,,,,,
1962,FIN,0.125,,,,,,,,,,,,,,
1963,FIN,0.125,,,,,,,,,,,,,,
1964,FIN,0.125,,,,,,,,,,,,,,
1965,FIN,0.125,,,,,,,,,,,,,,
1966,FIN,0.125,,,,,,,,,,,,,,
1967,FIN,0.25,,,,,,,,,,,,,,
1968,FIN,0.25,,,,,,,,,,,,,,
1969,FIN,0.375,,,,,,,,,,,,,,
1970,FIN,0.375,,,,,,,,,,,,,,
1971,FIN,0.375,,,,,,,,,,,,,,
1972,FIN,0.375,,,,,,,,,,,,,,
1973,FIN,0.5,,,,,,,,,,,,,,
1974,FIN,0.5,,,,,,,,,,,,,,
1975,FIN,0.5,,,,,,,,,,,,,,
1976,FIN,0.5,,,,,,,,,,,,,,
1977,FIN,0.5,,,,,,,,,,,,,,
1978,FIN,0.5,,,,,,,,,,,,,,
1979,FIN,0.5,,,,,,,,,,,,,,
1980,FIN,0.5,,,,,,,,,,,,,,
1981,FIN,0.5,,,,,,,,,,,,,,
1982,FIN,0.5,,,,,,,,,,,,,,
1983,FIN,0.5,,,,,,,,,,,,,,
1984,FIN,0.5,,,,,,,,,,,,,,
1985,FIN,0.5,,,,,,,,,,,,,,
1986,FIN,0.5,,,,,,,,,,,,,,
1987,FIN,0.5,,,,,,,,,,,,,,
1988,FIN,0.625,,,,,,,,,,,,,,
1989,FIN,0.75,,,,,,,,,,,,,,
1990,FIN,0.875,,,,,,,,,,,,,,
1991,FIN,0.875,,,,,,,,,,,,,,
1992,FIN,0.875,,,,,,,,,,,,,,
1993,FIN,0.875,,,,,,,,,,,,,,
1994,FIN,1,,,,,,,,,,,,,,
1995,FIN,1,,,,,,,,,,,,,,
1996,FIN,1,,,,,,,,,,,,,,
1997,FIN,1,,,,,,,,,,,,,,
1998,FIN,1,,,,,,,,,,,,,,
1999,FIN,1,,,,,,,,,,,,,,
2000,FIN,1,,,,,,,,,,,,,,
2001,FIN,1,,,,,,,,,,,,,,
2002,FIN,1,,,,,,,,,,,,,,
2003,FIN,1,,,,,,,,,,,,,,
2004,FIN,1,,,,,,,,,,,,,,
2005,FIN,1,,,,,,,,,,,,,,
2006,FIN,1,,,,,,,,,,,,,,
2007,FIN,1,,,,,,,,,,,,,,
2008,FIN,1,,,,,,,,,,,,,,
2009,FIN,1,,,,,,,,,,,,,,
2010,FIN,1,,,,,,,,,,,,,,
2011,FIN,1,,,,,,,,,,,,,,
2012,FIN,1,,,,,,,,,,,,,,
2013,FIN,1,,,,,,,,,,,,,,
2014,FIN,1,,,,,,,,,,,,,,
2015,FIN,1,,,,,,,,,,,,,,
2016,FIN,1,,,,,,,,,,,,,,
2017,FIN,1,,,,,,,,,,,,,,
2018,FIN,1,,,,,,,,,,,,,,
2019,FIN,1,,,,,,,,,,,,,,
2020,FIN,1,,,,,,,,,,,,,,
1870,FRA,1,,,,,,,,,,,,,,
1871,FRA,1,,,,,,,,,,,,,,
1872,FRA,1,,,,,,,,,,,,,,
1873,FRA,1,,,,,,,,,,,,,,
1874,FRA,1,,,,,,,,,,,,,,
1875,FRA,1,,,,,,,,,,,,,,
1876,FRA,1,,,,,,,,,,,,,,
1877,FRA,1,,,,,,,,,,,,,,
1878,FRA,1,,,,,,,,,,,,,,
1879,FRA,1,,,,,,,,,,,,,,
1880,FRA,1,,,,,,,,,,,,,,
1881,FRA,1,,,,,,,,,,,,,,
1882,FRA,1,,,,,,,,,,,,,,
1883,FRA,1,,,,,,,,,,,,,,
1884,FRA,1,,,,,,,,,,,,,,
1885,FRA,1,,,,,,,,,,,,,,
1886,FRA,1,,,,,,,,,,,,,,
1887,FRA,1,,,,,,,,,,,,,,
1888,FRA,1,,,,,,,,,,,,,,
1889,FRA,1,,,,,,,,,,,,,,
1890,FRA,1,,,,,,,,,,,,,,
1891,FRA,1,,,,,,,,,,,,,,
1892,FRA,1,,,,,,,,,,,,,,
1893,FRA,1,,,,,,,,,,,,,,
1894,FRA,1,,,,,,,,,,,,,,
1895,FRA,1,,,,,,,,,,,,,,
1896,FRA,1,,,,,,,,,,,,,,
1897,FRA,1,,,,,,,,,,,,,,
1898,FRA,1,,,,,,,,,,,,,,
1899,FRA,1,,,,,,,,,,,,,,
1900,FRA,1,,,,,,,,,,,,,,
1901,FRA,1,,,,,,,,,,,,,,
1902,FRA,1,,,,,,,,,,,,,,
1903,FRA,1,,,,,,,,,,,,,,
1904,FRA,1,,,,,,,,,,,,,,
1905,FRA,1,,,,,,,,,,,,,,
1906,FRA,1,,,,,,,,,,,,,,
1907,FRA,1,,,,,,,,,,,,,,
1908,FRA,1,,,,,,,,,,,,,,
1909,FRA,1,,,,,,,,,,,,,,
1910,FRA,1,,,,,,,,,,,,,,
1911,FRA,1,,,,,,,,,,,,,,
1912,FRA,1,,,,,,,,,,,,,,
1913,FRA,1,,,,,,,,,,,,,,
1914,FRA,1,,,,,,,,,,,,,,
1915,FRA,1,,,,,,,,,,,,,,
1916,FRA,0.5,,,,,,,,,,,,,,
1917,FRA,0.5,,,,,,,,,,,,,,
1918,FRA,0.5,,,,,,,,,,,,,,
1919,FRA,0.5,,,,,,,,,,,,,,
1920,FRA,0.5,,,,,,,,,,,,,,
1921,FRA,0.5,,,,,,,,,,,,,,
1922,FRA,0.5,,,,,,,,,,,,,,
1923,FRA,0.5,,,,,,,,,,,,,,
1924,FRA,0.5,,,,,,,,,,,,,,
1925,FRA,0.5,,,,,,,,,,,,,,
1926,FRA,0.5,,,,,,,,,,,,,,
1927,FRA,1,,,,,,,,,,,,,,
1928,FRA,1,,,,,,,,,,,,,,
1929,FRA,1,,,,,,,,,,,,,,
1930,FRA,1,,,,,,,,,,,,,,
1931,FRA,1,,,,,,,,,,,,,,
1932,FRA,1,,,,,,,,,,,,,,
1933,FRA,1,,,,,,,,,,,,,,
1934,FRA,1,,,,,,,,,,,,,,
1935,FRA,1,,,,,,,,,,,,,,
1936,FRA,1,,,,,,,,,,,,,,
1937,FRA,0.25,,,,,,,,,,,,,,
1938,FRA,0.25,,,,,,,,,,,,,,
1939,FRA,,,,,,,,,,,,,,,
1940,FRA,,,,,,,,,,,,,,,
1941,FRA,,,,,,,,,,,,,,,
1942,FRA,,,,,,,,,,,,,,,
1943,FRA,,,,,,,,,,,,,,,
1944,FRA,,,,,,,,,,,,,,,
1945,FRA,,,,,,,,,,,,,,,
1946,FRA,,,,,,,,,,,,,,,
1947,FRA,,,,,,,,,,,,,,,
1948,FRA,,,,,,,,,,,,,,,
1949,FRA,,,,,,,,,,,,,,,
1950,FRA,0.625,,,,,,,,,,,,,,
1951,FRA,0.625,,,,,,,,,,,,,,
1952,FRA,0.625,,,,,,,,,,,,,,
1953,FRA,0.625,,,,,,,,,,,,,,
1954,FRA,0.625,,,,,,,,,,,,,,
1955,FRA,0.625,,,,,,,,,,,,,,
1956,FRA,0.625,,,,,,,,,,,,,,
1957,FRA,0.625,,,,,,,,,,,,,,
1958,FRA,0.625,,,,,,,,,,,,,,
1959,FRA,0.75,,,,,,,,,,,,,,
1960,FRA,0.75,,,,,,,,,,,,,,
1961,FRA,0.75,,,,,,,,,,,,,,
1962,FRA,0.75,,,,,,,,,,,,,,
1963,FRA,0.75,,,,,,,,,,,,,,
1964,FRA,0.75,,,,,,,,,,,,,,
1965,FRA,0.75,,,,,,,,,,,,,,
1966,FRA,0.75,,,,,,,,,,,,,,
1967,FRA,0.75,,,,,,,,,,,,,,
1968,FRA,0.5,,,,,,,,,,,,,,
1969,FRA,0.5,,,,,,,,,,,,,,
1970,FRA,0.75,,,,,,,,,,,,,,
1971,FRA,0.75,,,,,,,,,,,,,,
1972,FRA,0.75,,,,,,,,,,,,,,
1973,FRA,0.75,,,,,,,,,,,,,,
1974,FRA,0.75,,,,,,,,,,,,,,
1975,FRA,0.75,,,,,,,,,,,,,,
1976,FRA,0.75,,,,,,,,,,,,,,
1977,FRA,0.75,,,,,,,,,,,,,,
1978,FRA,0.75,,,,,,,,,,,,,,
1979,FRA,0.75,,,,,,,,,,,,,,
1980,FRA,0.75,,,,,,,,,,,,,,
1981,FRA,0.75,,,,,,,,,,,,,,
1982,FRA,0.625,,,,,,,,,,,,,,
1983,FRA,0.625,,,,,,,,,,,,,,
1984,FRA,0.625,,,,,,,,,,,,,,
1985,FRA,0.75,,,,,,,,,,,,,,
1986,FRA,0.75,,,,,,,,,,,,,,
1987,FRA,0.75,,,,,,,,,,,,,,
1988,FRA,0.75,,,,,,,,,,,,,,
1989,FRA,0.75,,,,,,,,,,,,,,
1990,FRA,0.875,,,,,,,,,,,,,,
1991,FRA,0.875,,,,,,,,,,,,,,
1992,FRA,0.875,,,,,,,,,,,,,,
1993,FRA,0.875,,,,,,,,,,,,,,
1994,FRA,0.875,,,,,,,,,,,,,,
1995,FRA,0.875,,,,,,,,,,,,,,
1996,FRA,0.875,,,,,,,,,,,,,,
1997,FRA,0.875,,,,,,,,,,,,,,
1998,FRA,1,,,,,,,,,,,,,,
1999,FRA,1,,,,,,,,,,,,,,
2000,FRA,1,,,,,,,,,,,,,,
2001,FRA,1,,,,,,,,,,,,,,
2002,FRA,1,,,,,,,,,,,,,,
2003,FRA,1,,,,,,,,,,,,,,
2004,FRA,1,,,,,,,,,,,,,,
2005,FRA,1,,,,,,,,,,,,,,
2006,FRA,1,,,,,,,,,,,,,,
2007,FRA,1,,,,,,,,,,,,,,
2008,FRA,1,,,,,,,,,,,,,,
2009,FRA,1,,,,,,,,,,,,,,
2010,FRA,1,,,,,,,,,,,,,,
2011,FRA,1,,,,,,,,,,,,,,
2012,FRA,1,,,,,,,,,,,,,,
2013,FRA,1,,,,,,,,,,,,,,
2014,FRA,1,,,,,,,,,,,,,,
2015,FRA,1,,,,,,,,,,,,,,
2016,FRA,1,,,,,,,,,,,,,,
2017,FRA,1,,,,,,,,,,,,,,
2018,FRA,1,,,,,,,,,,,,,,
2019,FRA,1,,,,,,,,,,,,,,
2020,FRA,1,,,,,,,,,,,,,,
1870,GBR,1,,,,,,,,,,,,,,
1871,GBR,1,,,,,,,,,,,,,,
1872,GBR,1,,,,,,,,,,,,,,
1873,GBR,1,,,,,,,,,,,,,,
1874,GBR,1,,,,,,,,,,,,,,
1875,GBR,1,,,,,,,,,,,,,,
1876,GBR,1,,,,,,,,,,,,,,
1877,GBR,1,,,,,,,,,,,,,,
1878,GBR,1,,,,,,,,,,,,,,
1879,GBR,1,,,,,,,,,,,,,,
1880,GBR,1,,,,,,,,,,,,,,
1881,GBR,1,,,,,,,,,,,,,,
1882,GBR,1,,,,,,,,,,,,,,
1883,GBR,1,,,,,,,,,,,,,,
1884,GBR,1,,,,,,,,,,,,,,
1885,GBR,1,,,,,,,,,,,,,,
1886,GBR,1,,,,,,,,,,,,,,
1887,GBR,1,,,,,,,,,,,,,,
1888,GBR,1,,,,,,,,,,,,,,
1889,GBR,1,,,,,,,,,,,,,,
1890,GBR,1,,,,,,,,,,,,,,
1891,GBR,1,,,,,,,,,,,,,,
1892,GBR,1,,,,,,,,,,,,,,
1893,GBR,1,,,,,,,,,,,,,,
1894,GBR,1,,,,,,,,,,,,,,
1895,GBR,1,,,,,,,,,,,,,,
1896,GBR,1,,,,,,,,,,,,,,
1897,GBR,1,,,,,,,,,,,,,,
1898,GBR,1,,,,,,,,,,,,,,
1899,GBR,1,,,,,,,,,,,,,,
1900,GBR,1,,,,,,,,,,,,,,
1901,GBR,1,,,,,,,,,,,,,,
1902,GBR,1,,,,,,,,,,,,,,
1903,GBR,1,,,,,,,,,,,,,,
1904,GBR,1,,,,,,,,,,,,,,
1905,GBR,1,,,,,,,,,,,,,,
1906,GBR,1,,,,,,,,,,,,,,
1907,GBR,1,,,,,,,,,,,,,,
1908,GBR,1,,,,,,,,,,,,,,
1909,GBR,1,,,,,,,,,,,,,,
1910,GBR,1,,,,,,,,,,,,,,
1911,GBR,1,,,,,,,,,,,,,,
1912,GBR,1,,,,,,,,,,,,,,
1913,GBR,1,,,,,,,,,,,,,,
1914,GBR,1,,,,,,,,,,,,,,
1915,GBR,1,,,,,,,,,,,,,,
1916,GBR,0.75,,,,,,,,,,,,,,
1917,GBR,0.75,,,,,,,,,,,,,,
1918,GBR,0.75,,,,,,,,,,,,,,
1919,GBR,0.5,,,,,,,,,,,,,,
1920,GBR,0.5,,,,,,,,,,,,,,
1921,GBR,0.5,,,,,,,,,,,,,,
1922,GBR,0.5,,,,,,,,,,,,,,
1923,GBR,0.5,,,,,,,,,,,,,,
1924,GBR,0.5,,,,,,,,,,,,,,
1925,GBR,1,,,,,,,,,,,,,,
1926,GBR,1,,,,,,,,,,,,,,
1927,GBR,1,,,,,,,,,,,,,,
1928,GBR,1,,,,,,,,,,,,,,
1929,GBR,1,,,,,,,,,,,,,,
1930,GBR,1,,,,,,,,,,,,,,
1931,GBR,0.5,,,,,,,,,,,,,,
1932,GBR,0.75,,,,,,,,,,,,,,
1933,GBR,0.75,,,,,,,,,,,,,,
1934,GBR,0.75,,,,,,,,,,,,,,
1935,GBR,0.75,,,,,,,,,,,,,,
1936,GBR,0.75,,,,,,,,,,,,,,
1937,GBR,0.75,,,,,,,,,,,,,,
1938,GBR,0.75,,,,,,,,,,,,,,
1939,GBR,,,,,,,,,,,,,,,
1940,GBR,,,,,,,,,,,,,,,
1941,GBR,,,,,,,,,,,,,,,
1942,GBR,,,,,,,,,,,,,,,
1943,GBR,,,,,,,,,,,,,,,
1944,GBR,,,,,,,,,,,,,,,
1945,GBR,,,,,,,,,,,,,,,
1946,GBR,,,,,,,,,,,,,,,
1947,GBR,,,,,,,,,,,,,,,
1948,GBR,,,,,,,,,,,,,,,
1949,GBR,,,,,,,,,,,,,,,
1950,GBR,0.375,,,,,,,,,,,,,,
1951,GBR,0.375,,,,,,,,,,,,,,
1952,GBR,0.375,,,,,,,,,,,,,,
1953,GBR,0.625,,,,,,,,,,,,,,
1954,GBR,0.625,,,,,,,,,,,,,,
1955,GBR,0.625,,,,,,,,,,,,,,
1956,GBR,0.625,,,,,,,,,,,,,,
1957,GBR,0.375,,,,,,,,,,,,,,
1958,GBR,0.5,,,,,,,,,,,,,,
1959,GBR,0.5,,,,,,,,,,,,,,
1960,GBR,0.5,,,,,,,,,,,,,,
1961,GBR,0.5,,,,,,,,,,,,,,
1962,GBR,0.5,,,,,,,,,,,,,,
1963,GBR,0.5,,,,,,,,,,,,,,
1964,GBR,0.375,,,,,,,,,,,,,,
1965,GBR,0.375,,,,,,,,,,,,,,
1966,GBR,0.375,,,,,,,,,,,,,,
1967,GBR,0.375,,,,,,,,,,,,,,
1968,GBR,0.5,,,,,,,,,,,,,,
1969,GBR,0.5,,,,,,,,,,,,,,
1970,GBR,0.5,,,,,,,,,,,,,,
1971,GBR,0.5,,,,,,,,,,,,,,
1972,GBR,0.5,,,,,,,,,,,,,,
1973,GBR,0.5,,,,,,,,,,,,,,
1974,GBR,0.5,,,,,,,,,,,,,,
1975,GBR,0.5,,,,,,,,,,,,,,
1976,GBR,0.5,,,,,,,,,,,,,,
1977,GBR,0.625,,,,,,,,,,,,,,
1978,GBR,0.625,,,,,,,,,,,,,,
1979,GBR,1,,,,,,,,,,,,,,
1980,GBR,1,,,,,,,,,,,,,,
1981,GBR,1,,,,,,,,,,,,,,
1982,GBR,1,,,,,,,,,,,,,,
1983,GBR,1,,,,,,,,,,,,,,
1984,GBR,1,,,,,,,,,,,,,,
1985,GBR,1,,,,,,,,,,,,,,
1986,GBR,1,,,,,,,,,,,,,,
1987,GBR,1,,,,,,,,,,,,,,
1988,GBR,1,,,,,,,,,,,,,,
1989,GBR,1,,,,,,,,,,,,,,
1990,GBR,1,,,,,,,,,,,,,,
1991,GBR,1,,,,,,,,,,,,,,
1992,GBR,1,,,,,,,,,,,,,,
1993,GBR,1,,,,,,,,,,,,,,
1994,GBR,1,,,,,,,,,,,,,,
1995,GBR,1,,,,,,,,,,,,,,
1996,GBR,1,,,,,,,,,,,,,,
1997,GBR,1,,,,,,,,,,,,,,
1998,GBR,1,,,,,,,,,,,,,,
1999,GBR,1,,,,,,,,,,,,,,
2000,GBR,1,,,,,,,,,,,,,,
2001,GBR,1,,,,,,,,,,,,,,
2002,GBR,1,,,,,,,,,,,,,,
2003,GBR,1,,,,,,,,,,,,,,
2004,GBR,1,,,,,,,,,,,,,,
2005,GBR,1,,,,,,,,,,,,,,
2006,GBR,1,,,,,,,,,,,,,,
2007,GBR,1,,,,,,,,,,,,,,
2008,GBR,1,,,,,,,,,,,,,,
2009,GBR,1,,,,,,,,,,,,,,
2010,GBR,1,,,,,,,,,,,,,,
2011,GBR,1,,,,,,,,,,,,,,
2012,GBR,1,,,,,,,,,,,,,,
2013,GBR,1,,,,,,,,,,,,,,
2014,GBR,1,,,,,,,,,,,,,,
2015,GBR,1,,,,,,,,,,,,,,
2016,GBR,1,,,,,,,,,,,,,,
2017,GBR,1,,,,,,,,,,,,,,
2018,GBR,1,,,,,,,,,,,,,,
2019,GBR,1,,,,,,,,,,,,,,
2020,GBR,1,,,,,,,,,,,,,,
1870,IRL,,,,,,,,,,,,,,,
1871,IRL,,,,,,,,,,,,,,,
1872,IRL,,,,,,,,,,,,,,,
1873,IRL,,,,,,,,,,,,,,,
1874,IRL,,,,,,,,,,,,,,,
1875,IRL,,,,,,,,,,,,,,,
1876,IRL,,,,,,,,,,,,,,,
1877,IRL,,,,,,,,,,,,,,,
1878,IRL,,,,,,,,,,,,,,,
1879,IRL,,,,,,,,,,,,,,,
1880,IRL,,,,,,,,,,,,,,,
1881,IRL,,,,,,,,,,,,,,,
1882,IRL,,,,,,,,,,,,,,,
1883,IRL,,,,,,,,,,,,,,,
1884,IRL,,,,,,,,,,,,,,,
1885,IRL,,,,,,,,,,,,,,,
1886,IRL,,,,,,,,,,,,,,,
1887,IRL,,,,,,,,,,,,,,,
1888,IRL,,,,,,,,,,,,,,,
1889,IRL,,,,,,,,,,,,,,,
1890,IRL,,,,,,,,,,,,,,,
1891,IRL,,,,,,,,,,,,,,,
1892,IRL,,,,,,,,,,,,,,,
1893,IRL,,,,,,,,,,,,,,,
1894,IRL,,,,,,,,,,,,,,,
1895,IRL,,,,,,,,,,,,,,,
1896,IRL,,,,,,,,,,,,,,,
1897,IRL,,,,,,,,,,,,,,,
1898,IRL,,,,,,,,,,,,,,,
1899,IRL,,,,,,,,,,,,,,,
1900,IRL,,,,,,,,,,,,,,,
1901,IRL,,,,,,,,,,,,,,,
1902,IRL,,,,,,,,,,,,,,,
1903,IRL,,,,,,,,,,,,,,,
1904,IRL,,,,,,,,,,,,,,,
1905,IRL,,,,,,,,,,,,,,,
1906,IRL,,,,,,,,,,,,,,,
1907,IRL,,,,,,,,,,,,,,,
1908,IRL,,,,,,,,,,,,,,,
1909,IRL,,,,,,,,,,,,,,,
1910,IRL,,,,,,,,,,,,,,,
1911,IRL,,,,,,,,,,,,,,,
1912,IRL,,,,,,,,,,,,,,,
1913,IRL,,,,,,,,,,,,,,,
1914,IRL,,,,,,,,,,,,,,,
1915,IRL,,,,,,,,,,,,,,,
1916,IRL,,,,,,,,,,,,,,,
1917,IRL,,,,,,,,,,,,,,,
1918,IRL,,,,,,,,,,,,,,,
1919,IRL,,,,,,,,,,,,,,,
1920,IRL,,,,,,,,,,,,,,,
1921,IRL,,,,,,,,,,,,,,,
1922,IRL,,,,,,,,,,,,,,,
1923,IRL,,,,,,,,,,,,,,,
1924,IRL,,,,,,,,,,,,,,,
1925,IRL,,,,,,,,,,,,,,,
1926,IRL,,,,,,,,,,,,,,,
1927,IRL,,,,,,,,,,,,,,,
1928,IRL,,,,,,,,,,,,,,,
1929,IRL,,,,,,,,,,,,,,,
1930,IRL,,,,,,,,,,,,,,,
1931,IRL,,,,,,,,,,,,,,,
1932,IRL,,,,,,,,,,,,,,,
1933,IRL,,,,,,,,,,,,,,,
1934,IRL,,,,,,,,,,,,,,,
1935,IRL,,,,,,,,,,,,,,,
1936,IRL,,,,,,,,,,,,,,,
1937,IRL,,,,,,,,,,,,,,,
1938,IRL,,,,,,,,,,,,,,,
1939,IRL,,,,,,,,,,,,,,,
1940,IRL,,,,,,,,,,,,,,,
1941,IRL,,,,,,,,,,,,,,,
1942,IRL,,,,,,,,,,,,,,,
1943,IRL,,,,,,,,,,,,,,,
1944,IRL,,,,,,,,,,,,,,,
1945,IRL,,,,,,,,,,,,,,,
1946,IRL,,,,,,,,,,,,,,,
1947,IRL,,,,,,,,,,,,,,,
1948,IRL,,,,,,,,,,,,,,,
1949,IRL,,,,,,,,,,,,,,,
1950,IRL,,,,,,,,,,,,,,,
1951,IRL,,,,,,,,,,,,,,,
1952,IRL,,,,,,,,,,,,,,,
1953,IRL,,,,,,,,,,,,,,,
1954,IRL,,,,,,,,,,,,,,,
1955,IRL,,,,,,,,,,,,,,,
1956,IRL,,,,,,,,,,,,,,,
1957,IRL,,,,,,,,,,,,,,,
1958,IRL,,,,,,,,,,,,,,,
1959,IRL,,,,,,,,,,,,,,,
1960,IRL,,,,,,,,,,,,,,,
1961,IRL,,,,,,,,,,,,,,,
1962,IRL,,,,,,,,,,,,,,,
1963,IRL,,,,,,,,,,,,,,,
1964,IRL,,,,,,,,,,,,,,,
1965,IRL,,,,,,,,,,,,,,,
1966,IRL,,,,,,,,,,,,,,,
1967,IRL,,,,,,,,,,,,,,,
1968,IRL,,,,,,,,,,,,,,,
1969,IRL,,,,,,,,,,,,,,,
1970,IRL,,,,,,,,,,,,,,,
1971,IRL,,,,,,,,,,,,,,,
1972,IRL,,,,,,,,,,,,,,,
1973,IRL,,,,,,,,,,,,,,,
1974,IRL,,,,,,,,,,,,,,,
1975,IRL,,,,,,,,,,,,,,,
1976,IRL,,,,,,,,,,,,,,,
1977,IRL,,,,,,,,,,,,,,,
1978,IRL,,,,,,,,,,,,,,,
1979,IRL,,,,,,,,,,,,,,,
1980,IRL,,,,,,,,,,,,,,,
1981,IRL,,,,,,,,,,,,,,,
1982,IRL,,,,,,,,,,,,,,,
1983,IRL,,,,,,,,,,,,,,,
1984,IRL,,,,,,,,,,,,,,,
1985,IRL,,,,,,,,,,,,,,,
1986,IRL,,,,,,,,,,,,,,,
1987,IRL,,,,,,,,,,,,,,,
1988,IRL,,,,,,,,,,,,,,,
1989,IRL,,,,,,,,,,,,,,,
1990,IRL,,,,,,,,,,,,,,,
1991,IRL,,,,,,,,,,,,,,,
1992,IRL,,,,,,,,,,,,,,,
1993,IRL,,,,,,,,,,,,,,,
1994,IRL,,,,,,,,,,,,,,,
1995,IRL,,,,,,,,,,,,,,,
1996,IRL,,,,,,,,,,,,,,,
1997,IRL,,,,,,,,,,,,,,,
1998,IRL,,,,,,,,,,,,,,,
1999,IRL,,,,,,,,,,,,,,,
2000,IRL,,,,,,,,,,,,,,,
2001,IRL,,,,,,,,,,,,,,,
2002,IRL,,,,,,,,,,,,,,,
2003,IRL,,,,,,,,,,,,,,,
2004,IRL,,,,,,,,,,,,,,,
2005,IRL,,,,,,,,,,,,,,,
2006,IRL,,,,,,,,,,,,,,,
2007,IRL,,,,,,,,,,,,,,,
2008,IRL,,,,,,,,,,,,,,,
2009,IRL,,,,,,,,,,,,,,,
2010,IRL,,,,,,,,,,,,,,,
2011,IRL,,,,,,,,,,,,,,,
2012,IRL,,,,,,,,,,,,,,,
2013,IRL,,,,,,,,,,,,,,,
2014,IRL,,,,,,,,,,,,,,,
2015,IRL,,,,,,,,,,,,,,,
2016,IRL,,,,,,,,,,,,,,,
2017,IRL,,,,,,,,,,,,,,,
2018,IRL,,,,,,,,,,,,,,,
2019,IRL,,,,,,,,,,,,,,,
2020,IRL,,,,,,,,,,,,,,,
1870,ITA,1,,,,,,,,,,,,,,
1871,ITA,1,,,,,,,,,,,,,,
1872,ITA,1,,,,,,,,,,,,,,
1873,ITA,1,,,,,,,,,,,,,,
1874,ITA,1,,,,,,,,,,,,,,
1875,ITA,1,,,,,,,,,,,,,,
1876,ITA,1,,,,,,,,,,,,,,
1877,ITA,1,,,,,,,,,,,,,,
1878,ITA,1,,,,,,,,,,,,,,
1879,ITA,1,,,,,,,,,,,,,,
1880,ITA,1,,,,,,,,,,,,,,
1881,ITA,1,,,,,,,,,,,,,,
1882,ITA,1,,,,,,,,,,,,,,
1883,ITA,1,,,,,,,,,,,,,,
1884,ITA,1,,,,,,,,,,,,,,
1885,ITA,1,,,,,,,,,,,,,,
1886,ITA,1,,,,,,,,,,,,,,
1887,ITA,1,,,,,,,,,,,,,,
1888,ITA,1,,,,,,,,,,,,,,
1889,ITA,1,,,,,,,,,,,,,,
1890,ITA,1,,,,,,,,,,,,,,
1891,ITA,1,,,,,,,,,,,,,,
1892,ITA,1,,,,,,,,,,,,,,
1893,ITA,1,,,,,,,,,,,,,,
1894,ITA,1,,,,,,,,,,,,,,
1895,ITA,1,,,,,,,,,,,,,,
1896,ITA,1,,,,,,,,,,,,,,
1897,ITA,1,,,,,,,,,,,,,,
1898,ITA,1,,,,,,,,,,,,,,
1899,ITA,1,,,,,,,,,,,,,,
1900,ITA,1,,,,,,,,,,,,,,
1901,ITA,1,,,,,,,,,,,,,,
1902,ITA,1,,,,,,,,,,,,,,
1903,ITA,1,,,,,,,,,,,,,,
1904,ITA,1,,,,,,,,,,,,,,
1905,ITA,1,,,,,,,,,,,,,,
1906,ITA,1,,,,,,,,,,,,,,
1907,ITA,1,,,,,,,,,,,,,,
1908,ITA,1,,,,,,,,,,,,,,
1909,ITA,1,,,,,,,,,,,,,,
1910,ITA,1,,,,,,,,,,,,,,
1911,ITA,1,,,,,,,,,,,,,,
1912,ITA,1,,,,,,,,,,,,,,
1913,ITA,1,,,,,,,,,,,,,,
1914,ITA,1,,,,,,,,,,,,,,
1915,ITA,1,,,,,,,,,,,,,,
1916,ITA,0.75,,,,,,,,,,,,,,
1917,ITA,0.75,,,,,,,,,,,,,,
1918,ITA,0.75,,,,,,,,,,,,,,
1919,ITA,,,,,,,,,,,,,,,
1920,ITA,,,,,,,,,,,,,,,
1921,ITA,,,,,,,,,,,,,,,
1922,ITA,,,,,,,,,,,,,,,
1923,ITA,,,,,,,,,,,,,,,
1924,ITA,,,,,,,,,,,,,,,
1925,ITA,,,,,,,,,,,,,,,
1926,ITA,,,,,,,,,,,,,,,
1927,ITA,,,,,,,,,,,,,,,
1928,ITA,,,,,,,,,,,,,,,
1929,ITA,,,,,,,,,,,,,,,
1930,ITA,,,,,,,,,,,,,,,
1931,ITA,,,,,,,,,,,,,,,
1932,ITA,,,,,,,,,,,,,,,
1933,ITA,,,,,,,,,,,,,,,
1934,ITA,,,,,,,,,,,,,,,
1935,ITA,,,,,,,,,,,,,,,
1936,ITA,,,,,,,,,,,,,,,
1937,ITA,,,,,,,,,,,,,,,
1938,ITA,,,,,,,,,,,,,,,
1939,ITA,,,,,,,,,,,,,,,
1940,ITA,,,,,,,,,,,,,,,
1941,ITA,,,,,,,,,,,,,,,
1942,ITA,,,,,,,,,,,,,,,
1943,ITA,,,,,,,,,,,,,,,
1944,ITA,,,,,,,,,,,,,,,
1945,ITA,,,,,,,,,,,,,,,
1946,ITA,,,,,,,,,,,,,,,
1947,ITA,,,,,,,,,,,,,,,
1948,ITA,,,,,,,,,,,,,,,
1949,ITA,,,,,,,,,,,,,,,
1950,ITA,0.375,,,,,,,,,,,,,,
1951,ITA,0.375,,,,,,,,,,,,,,
1952,ITA,0.375,,,,,,,,,,,,,,
1953,ITA,0.375,,,,,,,,,,,,,,
1954,ITA,0.375,,,,,,,,,,,,,,
1955,ITA,0.375,,,,,,,,,,,,,,
1956,ITA,0.5,,,,,,,,,,,,,,
1957,ITA,0.5,,,,,,,,,,,,,,
1958,ITA,0.5,,,,,,,,,,,,,,
1959,ITA,0.625,,,,,,,,,,,,,,
1960,ITA,0.625,,,,,,,,,,,,,,
1961,ITA,0.625,,,,,,,,,,,,,,
1962,ITA,0.625,,,,,,,,,,,,,,
1963,ITA,0.75,,,,,,,,,,,,,,
1964,ITA,0.75,,,,,,,,,,,,,,
1965,ITA,0.75,,,,,,,,,,,,,,
1966,ITA,0.75,,,,,,,,,,,,,,
1967,ITA,0.75,,,,,,,,,,,,,,
1968,ITA,0.75,,,,,,,,,,,,,,
1969,ITA,0.75,,,,,,,,,,,,,,
1970,ITA,0.75,,,,,,,,,,,,,,
1971,ITA,0.75,,,,,,,,,,,,,,
1972,ITA,0.75,,,,,,,,,,,,,,
1973,ITA,0.75,,,,,,,,,,,,,,
1974,ITA,0.75,,,,,,,,,,,,,,
1975,ITA,0.75,,,,,,,,,,,,,,
1976,ITA,0.75,,,,,,,,,,,,,,
1977,ITA,0.75,,,,,,,,,,,,,,
1978,ITA,0.75,,,,,,,,,,,,,,
1979,ITA,0.75,,,,,,,,,,,,,,
1980,ITA,0.75,,,,,,,,,,,,,,
1981,ITA,0.75,,,,,,,,,,,,,,
1982,ITA,0.75,,,,,,,,,,,,,,
1983,ITA,0.75,,,,,,,,,,,,,,
1984,ITA,0.75,,,,,,,,,,,,,,
1985,ITA,0.75,,,,,,,,,,,,,,
1986,ITA,0.75,,,,,,,,,,,,,,
1987,ITA,0.75,,,,,,,,,,,,,,
1988,ITA,1,,,,,,,,,,,,,,
1989,ITA,1,,,,,,,,,,,,,,
1990,ITA,0.875,,,,,,,,,,,,,,
1991,ITA,0.875,,,,,,,,,,,,,,
1992,ITA,0.875,,,,,,,,,,,,,,
1993,ITA,1,,,,,,,,,,,,,,
1994,ITA,1,,,,,,,,,,,,,,
1995,ITA,1,,,,,,,,,,,,,,
1996,ITA,1,,,,,,,,,,,,,,
1997,ITA,1,,,,,,,,,,,,,,
1998,ITA,1,,,,,,,,,,,,,,
1999,ITA,1,,,,,,,,,,,,,,
2000,ITA,1,,,,,,,,,,,,,,
2001,ITA,1,,,,,,,,,,,,,,
2002,ITA,1,,,,,,,,,,,,,,
2003,ITA,1,,,,,,,,,,,,,,
2004,ITA,1,,,,,,,,,,,,,,
2005,ITA,1,,,,,,,,,,,,,,
2006,ITA,1,,,,,,,,,,,,,,
2007,ITA,1,,,,,,,,,,,,,,
2008,ITA,1,,,,,,,,,,,,,,
2009,ITA,1,,,,,,,,,,,,,,
2010,ITA,1,,,,,,,,,,,,,,
2011,ITA,1,,,,,,,,,,,,,,
2012,ITA,1,,,,,,,,,,,,,,
2013,ITA,1,,,,,,,,,,,,,,
2014,ITA,1,,,,,,,,,,,,,,
2015,ITA,1,,,,,,,,,,,,,,
2016,ITA,1,,,,,,,,,,,,,,
2017,ITA,1,,,,,,,,,,,,,,
2018,ITA,1,,,,,,,,,,,,,,
2019,ITA,1,,,,,,,,,,,,,,
2020,ITA,1,,,,,,,,,,,,,,
1870,JPN,1,,,,,,,,,,,,,,
1871,JPN,1,,,,,,,,,,,,,,
1872,JPN,1,,,,,,,,,,,,,,
1873,JPN,1,,,,,,,,,,,,,,
1874,JPN,1,,,,,,,,,,,,,,
1875,JPN,1,,,,,,,,,,,,,,
1876,JPN,1,,,,,,,,,,,,,,
1877,JPN,1,,,,,,,,,,,,,,
1878,JPN,1,,,,,,,,,,,,,,
1879,JPN,1,,,,,,,,,,,,,,
1880,JPN,1,,,,,,,,,,,,,,
1881,JPN,1,,,,,,,,,,,,,,
1882,JPN,1,,,,,,,,,,,,,,
1883,JPN,1,,,,,,,,,,,,,,
1884,JPN,1,,,,,,,,,,,,,,
1885,JPN,1,,,,,,,,,,,,,,
1886,JPN,1,,,,,,,,,,,,,,
1887,JPN,1,,,,,,,,,,,,,,
1888,JPN,1,,,,,,,,,,,,,,
1889,JPN,1,,,,,,,,,,,,,,
1890,JPN,1,,,,,,,,,,,,,,
1891,JPN,1,,,,,,,,,,,,,,
1892,JPN,1,,,,,,,,,,,,,,
1893,JPN,1,,,,,,,,,,,,,,
1894,JPN,1,,,,,,,,,,,,,,
1895,JPN,1,,,,,,,,,,,,,,
1896,JPN,1,,,,,,,,,,,,,,
1897,JPN,1,,,,,,,,,,,,,,
1898,JPN,1,,,,,,,,,,,,,,
1899,JPN,1,,,,,,,,,,,,,,
1900,JPN,1,,,,,,,,,,,,,,
1901,JPN,1,,,,,,,,,,,,,,
1902,JPN,1,,,,,,,,,,,,,,
1903,JPN,1,,,,,,,,,,,,,,
1904,JPN,1,,,,,,,,,,,,,,
1905,JPN,1,,,,,,,,,,,,,,
1906,JPN,1,,,,,,,,,,,,,,
1907,JPN,1,,,,,,,,,,,,,,
1908,JPN,1,,,,,,,,,,,,,,
1909,JPN,1,,,,,,,,,,,,,,
1910,JPN,1,,,,,,,,,,,,,,
1911,JPN,1,,,,,,,,,,,,,,
1912,JPN,1,,,,,,,,,,,,,,
1913,JPN,1,,,,,,,,,,,,,,
1914,JPN,1,,,,,,,,,,,,,,
1915,JPN,1,,,,,,,,,,,,,,
1916,JPN,1,,,,,,,,,,,,,,
1917,JPN,0.75,,,,,,,,,,,,,,
1918,JPN,0.75,,,,,,,,,,,,,,
1919,JPN,1,,,,,,,,,,,,,,
1920,JPN,0.5,,,,,,,,,,,,,,
1921,JPN,0.5,,,,,,,,,,,,,,
1922,JPN,0.5,,,,,,,,,,,,,,
1923,JPN,0.5,,,,,,,,,,,,,,
1924,JPN,0.5,,,,,,,,,,,,,,
1925,JPN,0.5,,,,,,,,,,,,,,
1926,JPN,0.5,,,,,,,,,,,,,,
1927,JPN,0.5,,,,,,,,,,,,,,
1928,JPN,0.5,,,,,,,,,,,,,,
1929,JPN,0.5,,,,,,,,,,,,,,
1930,JPN,1,,,,,,,,,,,,,,
1931,JPN,1,,,,,,,,,,,,,,
1932,JPN,0.5,,,,,,,,,,,,,,
1933,JPN,0.25,,,,,,,,,,,,,,
1934,JPN,0.25,,,,,,,,,,,,,,
1935,JPN,0.25,,,,,,,,,,,,,,
1936,JPN,0.25,,,,,,,,,,,,,,
1937,JPN,0.25,,,,,,,,,,,,,,
1938,JPN,0.25,,,,,,,,,,,,,,
1939,JPN,,,,,,,,,,,,,,,
1940,JPN,,,,,,,,,,,,,,,
1941,JPN,,,,,,,,,,,,,,,
1942,JPN,,,,,,,,,,,,,,,
1943,JPN,,,,,,,,,,,,,,,
1944,JPN,,,,,,,,,,,,,,,
1945,JPN,,,,,,,,,,,,,,,
1946,JPN,,,,,,,,,,,,,,,
1947,JPN,,,,,,,,,,,,,,,
1948,JPN,,,,,,,,,,,,,,,
1949,JPN,,,,,,,,,,,,,,,
1950,JPN,0.125,,,,,,,,,,,,,,
1951,JPN,0.125,,,,,,,,,,,,,,
1952,JPN,0.25,,,,,,,,,,,,,,
1953,JPN,0.25,,,,,,,,,,,,,,
1954,JPN,0.25,,,,,,,,,,,,,,
1955,JPN,0.25,,,,,,,,,,,,,,
1956,JPN,0.25,,,,,,,,,,,,,,
1957,JPN,0.25,,,,,,,,,,,,,,
1958,JPN,0.25,,,,,,,,,,,,,,
1959,JPN,0.375,,,,,,,,,,,,,,
1960,JPN,0.5,,,,,,,,,,,,,,
1961,JPN,0.5,,,,,,,,,,,,,,
1962,JPN,0.5,,,,,,,,,,,,,,
1963,JPN,0.5,,,,,,,,,,,,,,
1964,JPN,0.5,,,,,,,,,,,,,,
1965,JPN,0.5,,,,,,,,,,,,,,
1966,JPN,0.5,,,,,,,,,,,,,,
1967,JPN,0.5,,,,,,,,,,,,,,
1968,JPN,0.5,,,,,,,,,,,,,,
1969,JPN,0.5,,,,,,,,,,,,,,
1970,JPN,0.5,,,,,,,,,,,,,,
1971,JPN,0.5,,,,,,,,,,,,,,
1972,JPN,0.5,,,,,,,,,,,,,,
1973,JPN,0.5,,,,,,,,,,,,,,
1974,JPN,0.5,,,,,,,,,,,,,,
1975,JPN,0.5,,,,,,,,,,,,,,
1976,JPN,0.5,,,,,,,,,,,,,,
1977,JPN,0.5,,,,,,,,,,,,,,
1978,JPN,0.5,,,,,,,,,,,,,,
1979,JPN,0.5,,,,,,,,,,,,,,
1980,JPN,0.625,,,,,,,,,,,,,,
1981,JPN,0.625,,,,,,,,,,,,,,
1982,JPN,0.625,,,,,,,,,,,,,,
1983,JPN,0.625,,,,,,,,,,,,,,
1984,JPN,0.625,,,,,,,,,,,,,,
1985,JPN,0.625,,,,,,,,,,,,,,
1986,JPN,0.625,,,,,,,,,,,,,,
1987,JPN,0.625,,,,,,,,,,,,,,
1988,JPN,0.625,,,,,,,,,,,,,,
1989,JPN,0.625,,,,,,,,,,,,,,
1990,JPN,0.625,,,,,,,,,,,,,,
1991,JPN,0.625,,,,,,,,,,,,,,
1992,JPN,0.75,,,,,,,,,,,,,,
1993,JPN,0.75,,,,,,,,,,,,,,
1994,JPN,0.75,,,,,,,,,,,,,,
1995,JPN,0.75,,,,,,,,,,,,,,
1996,JPN,0.75,,,,,,,,,,,,,,
1997,JPN,0.75,,,,,,,,,,,,,,
1998,JPN,0.75,,,,,,,,,,,,,,
1999,JPN,0.75,,,,,,,,,,,,,,
2000,JPN,1,,,,,,,,,,,,,,
2001,JPN,1,,,,,,,,,,,,,,
2002,JPN,1,,,,,,,,,,,,,,
2003,JPN,1,,,,,,,,,,,,,,
2004,JPN,1,,,,,,,,,,,,,,
2005,JPN,1,,,,,,,,,,,,,,
2006,JPN,1,,,,,,,,,,,,,,
2007,JPN,1,,,,,,,,,,,,,,
2008,JPN,1,,,,,,,,,,,,,,
2009,JPN,1,,,,,,,,,,,,,,
2010,JPN,1,,,,,,,,,,,,,,
2011,JPN,1,,,,,,,,,,,,,,
2012,JPN,1,,,,,,,,,,,,,,
2013,JPN,1,,,,,,,,,,,,,,
2014,JPN,1,,,,,,,,,,,,,,
2015,JPN,1,,,,,,,,,,,,,,
2016,JPN,1,,,,,,,,,,,,,,
2017,JPN,1,,,,,,,,,,,,,,
2018,JPN,1,,,,,,,,,,,,,,
2019,JPN,1,,,,,,,,,,,,,,
2020,JPN,1,,,,,,,,,,,,,,
1870,NLD,1,,,,,,,,,,,,,,
1871,NLD,1,,,,,,,,,,,,,,
1872,NLD,1,,,,,,,,,,,,,,
1873,NLD,1,,,,,,,,,,,,,,
1874,NLD,1,,,,,,,,,,,,,,
1875,NLD,1,,,,,,,,,,,,,,
1876,NLD,1,,,,,,,,,,,,,,
1877,NLD,1,,,,,,,,,,,,,,
1878,NLD,1,,,,,,,,,,,,,,
1879,NLD,1,,,,,,,,,,,,,,
1880,NLD,1,,,,,,,,,,,,,,
1881,NLD,1,,,,,,,,,,,,,,
1882,NLD,1,,,,,,,,,,,,,,
1883,NLD,1,,,,,,,,,,,,,,
1884,NLD,1,,,,,,,,,,,,,,
1885,NLD,1,,,,,,,,,,,,,,
1886,NLD,1,,,,,,,,,,,,,,
1887,NLD,1,,,,,,,,,,,,,,
1888,NLD,1,,,,,,,,,,,,,,
1889,NLD,1,,,,,,,,,,,,,,
1890,NLD,1,,,,,,,,,,,,,,
1891,NLD,1,,,,,,,,,,,,,,
1892,NLD,1,,,,,,,,,,,,,,
1893,NLD,1,,,,,,,,,,,,,,
1894,NLD,1,,,,,,,,,,,,,,
1895,NLD,1,,,,,,,,,,,,,,
1896,NLD,1,,,,,,,,,,,,,,
1897,NLD,1,,,,,,,,,,,,,,
1898,NLD,1,,,,,,,,,,,,,,
1899,NLD,1,,,,,,,,,,,,,,
1900,NLD,1,,,,,,,,,,,,,,
1901,NLD,1,,,,,,,,,,,,,,
1902,NLD,1,,,,,,,,,,,,,,
1903,NLD,1,,,,,,,,,,,,,,
1904,NLD,1,,,,,,,,,,,,,,
1905,NLD,1,,,,,,,,,,,,,,
1906,NLD,1,,,,,,,,,,,,,,
1907,NLD,1,,,,,,,,,,,,,,
1908,NLD,1,,,,,,,,,,,,,,
1909,NLD,1,,,,,,,,,,,,,,
1910,NLD,1,,,,,,,,,,,,,,
1911,NLD,1,,,,,,,,,,,,,,
1912,NLD,1,,,,,,,,,,,,,,
1913,NLD,1,,,,,,,,,,,,,,
1914,NLD,1,,,,,,,,,,,,,,
1915,NLD,1,,,,,,,,,,,,,,
1916,NLD,1,,,,,,,,,,,,,,
1917,NLD,1,,,,,,,,,,,,,,
1918,NLD,1,,,,,,,,,,,,,,
1919,NLD,0.5,,,,,,,,,,,,,,
1920,NLD,0.5,,,,,,,,,,,,,,
1921,NLD,0.5,,,,,,,,,,,,,,
1922,NLD,0.5,,,,,,,,,,,,,,
1923,NLD,0.5,,,,,,,,,,,,,,
1924,NLD,0.5,,,,,,,,,,,,,,
1925,NLD,1,,,,,,,,,,,,,,
1926,NLD,1,,,,,,,,,,,,,,
1927,NLD,1,,,,,,,,,,,,,,
1928,NLD,1,,,,,,,,,,,,,,
1929,NLD,1,,,,,,,,,,,,,,
1930,NLD,1,,,,,,,,,,,,,,
1931,NLD,1,,,,,,,,,,,,,,
1932,NLD,1,,,,,,,,,,,,,,
1933,NLD,1,,,,,,,,,,,,,,
1934,NLD,1,,,,,,,,,,,,,,
1935,NLD,1,,,,,,,,,,,,,,
1936,NLD,0.5,,,,,,,,,,,,,,
1937,NLD,0.5,,,,,,,,,,,,,,
1938,NLD,0.5,,,,,,,,,,,,,,
1939,NLD,,,,,,,,,,,,,,,
1940,NLD,,,,,,,,,,,,,,,
1941,NLD,,,,,,,,,,,,,,,
1942,NLD,,,,,,,,,,,,,,,
1943,NLD,,,,,,,,,,,,,,,
1944,NLD,,,,,,,,,,,,,,,
1945,NLD,,,,,,,,,,,,,,,
1946,NLD,,,,,,,,,,,,,,,
1947,NLD,,,,,,,,,,,,,,,
1948,NLD,,,,,,,,,,,,,,,
1949,NLD,,,,,,,,,,,,,,,
1950,NLD,0,,,,,,,,,,,,,,
1951,NLD,0.25,,,,,,,,,,,,,,
1952,NLD,0.5,,,,,,,,,,,,,,
1953,NLD,0.5,,,,,,,,,,,,,,
1954,NLD,0.625,,,,,,,,,,,,,,
1955,NLD,0.75,,,,,,,,,,,,,,
1956,NLD,0.75,,,,,,,,,,,,,,
1957,NLD,0.75,,,,,,,,,,,,,,
1958,NLD,0.75,,,,,,,,,,,,,,
1959,NLD,0.75,,,,,,,,,,,,,,
1960,NLD,0.75,,,,,,,,,,,,,,
1961,NLD,0.75,,,,,,,,,,,,,,
1962,NLD,0.75,,,,,,,,,,,,,,
1963,NLD,0.75,,,,,,,,,,,,,,
1964,NLD,0.75,,,,,,,,,,,,,,
1965,NLD,0.75,,,,,,,,,,,,,,
1966,NLD,0.75,,,,,,,,,,,,,,
1967,NLD,0.75,,,,,,,,,,,,,,
1968,NLD,0.75,,,,,,,,,,,,,,
1969,NLD,0.75,,,,,,,,,,,,,,
1970,NLD,0.75,,,,,,,,,,,,,,
1971,NLD,0.75,,,,,,,,,,,,,,
1972,NLD,0.75,,,,,,,,,,,,,,
1973,NLD,0.75,,,,,,,,,,,,,,
1974,NLD,0.75,,,,,,,,,,,,,,
1975,NLD,0.75,,,,,,,,,,,,,,
1976,NLD,0.75,,,,,,,,,,,,,,
1977,NLD,0.75,,,,,,,,,,,,,,
1978,NLD,0.75,,,,,,,,,,,,,,
1979,NLD,0.75,,,,,,,,,,,,,,
1980,NLD,0.75,,,,,,,,,,,,,,
1981,NLD,0.75,,,,,,,,,,,,,,
1982,NLD,0.75,,,,,,,,,,,,,,
1983,NLD,1,,,,,,,,,,,,,,
1984,NLD,1,,,,,,,,,,,,,,
1985,NLD,1,,,,,,,,,,,,,,
1986,NLD,1,,,,,,,,,,,,,,
1987,NLD,1,,,,,,,,,,,,,,
1988,NLD,1,,,,,,,,,,,,,,
1989,NLD,1,,,,,,,,,,,,,,
1990,NLD,1,,,,,,,,,,,,,,
1991,NLD,1,,,,,,,,,,,,,,
1992,NLD,1,,,,,,,,,,,,,,
1993,NLD,1,,,,,,,,,,,,,,
1994,NLD,1,,,,,,,,,,,,,,
1995,NLD,1,,,,,,,,,,,,,,
1996,NLD,1,,,,,,,,,,,,,,
1997,NLD,1,,,,,,,,,,,,,,
1998,NLD,1,,,,,,,,,,,,,,
1999,NLD,1,,,,,,,,,,,,,,
2000,NLD,1,,,,,,,,,,,,,,
2001,NLD,1,,,,,,,,,,,,,,
2002,NLD,1,,,,,,,,,,,,,,
2003,NLD,1,,,,,,,,,,,,,,
2004,NLD,1,,,,,,,,,,,,,,
2005,NLD,1,,,,,,,,,,,,,,
2006,NLD,1,,,,,,,,,,,,,,
2007,NLD,1,,,,,,,,,,,,,,
2008,NLD,1,,,,,,,,,,,,,,
2009,NLD,1,,,,,,,,,,,,,,
2010,NLD,1,,,,,,,,,,,,,,
2011,NLD,1,,,,,,,,,,,,,,
2012,NLD,1,,,,,,,,,,,,,,
2013,NLD,1,,,,,,,,,,,,,,
2014,NLD,1,,,,,,,,,,,,,,
2015,NLD,1,,,,,,,,,,,,,,
2016,NLD,1,,,,,,,,,,,,,,
2017,NLD,1,,,,,,,,,,,,,,
2018,NLD,1,,,,,,,,,,,,,,
2019,NLD,1,,,,,,,,,,,,,,
2020,NLD,1,,,,,,,,,,,,,,
1870,NOR,1,,,,,,,,,,,,,,
1871,NOR,1,,,,,,,,,,,,,,
1872,NOR,1,,,,,,,,,,,,,,
1873,NOR,1,,,,,,,,,,,,,,
1874,NOR,1,,,,,,,,,,,,,,
1875,NOR,1,,,,,,,,,,,,,,
1876,NOR,1,,,,,,,,,,,,,,
1877,NOR,1,,,,,,,,,,,,,,
1878,NOR,1,,,,,,,,,,,,,,
1879,NOR,1,,,,,,,,,,,,,,
1880,NOR,1,,,,,,,,,,,,,,
1881,NOR,1,,,,,,,,,,,,,,
1882,NOR,1,,,,,,,,,,,,,,
1883,NOR,1,,,,,,,,,,,,,,
1884,NOR,1,,,,,,,,,,,,,,
1885,NOR,1,,,,,,,,,,,,,,
1886,NOR,1,,,,,,,,,,,,,,
1887,NOR,1,,,,,,,,,,,,,,
1888,NOR,1,,,,,,,,,,,,,,
1889,NOR,1,,,,,,,,,,,,,,
1890,NOR,1,,,,,,,,,,,,,,
1891,NOR,1,,,,,,,,,,,,,,
1892,NOR,1,,,,,,,,,,,,,,
1893,NOR,1,,,,,,,,,,,,,,
1894,NOR,1,,,,,,,,,,,,,,
1895,NOR,1,,,,,,,,,,,,,,
1896,NOR,1,,,,,,,,,,,,,,
1897,NOR,1,,,,,,,,,,,,,,
1898,NOR,1,,,,,,,,,,,,,,
1899,NOR,1,,,,,,,,,,,,,,
1900,NOR,1,,,,,,,,,,,,,,
1901,NOR,1,,,,,,,,,,,,,,
1902,NOR,1,,,,,,,,,,,,,,
1903,NOR,1,,,,,,,,,,,,,,
1904,NOR,1,,,,,,,,,,,,,,
1905,NOR,1,,,,,,,,,,,,,,
1906,NOR,1,,,,,,,,,,,,,,
1907,NOR,1,,,,,,,,,,,,,,
1908,NOR,1,,,,,,,,,,,,,,
1909,NOR,1,,,,,,,,,,,,,,
1910,NOR,1,,,,,,,,,,,,,,
1911,NOR,1,,,,,,,,,,,,,,
1912,NOR,1,,,,,,,,,,,,,,
1913,NOR,1,,,,,,,,,,,,,,
1914,NOR,,,,,,,,,,,,,,,
1915,NOR,,,,,,,,,,,,,,,
1916,NOR,,,,,,,,,,,,,,,
1917,NOR,,,,,,,,,,,,,,,
1918,NOR,,,,,,,,,,,,,,,
1919,NOR,1,,,,,,,,,,,,,,
1920,NOR,0.5,,,,,,,,,,,,,,
1921,NOR,0.5,,,,,,,,,,,,,,
1922,NOR,0.5,,,,,,,,,,,,,,
1923,NOR,0.5,,,,,,,,,,,,,,
1924,NOR,0.5,,,,,,,,,,,,,,
1925,NOR,0.5,,,,,,,,,,,,,,
1926,NOR,0.5,,,,,,,,,,,,,,
1927,NOR,0.5,,,,,,,,,,,,,,
1928,NOR,1,,,,,,,,,,,,,,
1929,NOR,1,,,,,,,,,,,,,,
1930,NOR,1,,,,,,,,,,,,,,
1931,NOR,1,,,,,,,,,,,,,,
1932,NOR,0.75,,,,,,,,,,,,,,
1933,NOR,0.75,,,,,,,,,,,,,,
1934,NOR,0.75,,,,,,,,,,,,,,
1935,NOR,0.75,,,,,,,,,,,,,,
1936,NOR,0.75,,,,,,,,,,,,,,
1937,NOR,0.75,,,,,,,,,,,,,,
1938,NOR,0.75,,,,,,,,,,,,,,
1939,NOR,,,,,,,,,,,,,,,
1940,NOR,,,,,,,,,,,,,,,
1941,NOR,,,,,,,,,,,,,,,
1942,NOR,,,,,,,,,,,,,,,
1943,NOR,,,,,,,,,,,,,,,
1944,NOR,,,,,,,,,,,,,,,
1945,NOR,,,,,,,,,,,,,,,
1946,NOR,,,,,,,,,,,,,,,
1947,NOR,,,,,,,,,,,,,,,
1948,NOR,,,,,,,,,,,,,,,
1949,NOR,,,,,,,,,,,,,,,
1950,NOR,0.25,,,,,,,,,,,,,,
1951,NOR,0.25,,,,,,,,,,,,,,
1952,NOR,0.375,,,,,,,,,,,,,,
1953,NOR,0.375,,,,,,,,,,,,,,
1954,NOR,0.375,,,,,,,,,,,,,,
1955,NOR,0.375,,,,,,,,,,,,,,
1956,NOR,0.375,,,,,,,,,,,,,,
1957,NOR,0.375,,,,,,,,,,,,,,
1958,NOR,0.375,,,,,,,,,,,,,,
1959,NOR,0.375,,,,,,,,,,,,,,
1960,NOR,0.375,,,,,,,,,,,,,,
1961,NOR,0.375,,,,,,,,,,,,,,
1962,NOR,0.375,,,,,,,,,,,,,,
1963,NOR,0.375,,,,,,,,,,,,,,
1964,NOR,0.375,,,,,,,,,,,,,,
1965,NOR,0.375,,,,,,,,,,,,,,
1966,NOR,0.375,,,,,,,,,,,,,,
1967,NOR,0.375,,,,,,,,,,,,,,
1968,NOR,0.375,,,,,,,,,,,,,,
1969,NOR,0.375,,,,,,,,,,,,,,
1970,NOR,0.375,,,,,,,,,,,,,,
1971,NOR,0.375,,,,,,,,,,,,,,
1972,NOR,0.375,,,,,,,,,,,,,,
1973,NOR,0.375,,,,,,,,,,,,,,
1974,NOR,0.375,,,,,,,,,,,,,,
1975,NOR,0.375,,,,,,,,,,,,,,
1976,NOR,0.375,,,,,,,,,,,,,,
1977,NOR,0.375,,,,,,,,,,,,,,
1978,NOR,0.375,,,,,,,,,,,,,,
1979,NOR,0.5,,,,,,,,,,,,,,
1980,NOR,0.5,,,,,,,,,,,,,,
1981,NOR,0.5,,,,,,,,,,,,,,
1982,NOR,0.5,,,,,,,,,,,,,,
1983,NOR,0.5,,,,,,,,,,,,,,
1984,NOR,0.625,,,,,,,,,,,,,,
1985,NOR,0.625,,,,,,,,,,,,,,
1986,NOR,0.625,,,,,,,,,,,,,,
1987,NOR,0.625,,,,,,,,,,,,,,
1988,NOR,0.75,,,,,,,,,,,,,,
1989,NOR,0.75,,,,,,,,,,,,,,
1990,NOR,1,,,,,,,,,,,,,,
1991,NOR,1,,,,,,,,,,,,,,
1992,NOR,1,,,,,,,,,,,,,,
1993,NOR,1,,,,,,,,,,,,,,
1994,NOR,1,,,,,,,,,,,,,,
1995,NOR,1,,,,,,,,,,,,,,
1996,NOR,1,,,,,,,,,,,,,,
1997,NOR,1,,,,,,,,,,,,,,
1998,NOR,1,,,,,,,,,,,,,,
1999,NOR,1,,,,,,,,,,,,,,
2000,NOR,1,,,,,,,,,,,,,,
2001,NOR,1,,,,,,,,,,,,,,
2002,NOR,1,,,,,,,,,,,,,,
2003,NOR,1,,,,,,,,,,,,,,
2004,NOR,1,,,,,,,,,,,,,,
2005,NOR,1,,,,,,,,,,,,,,
2006,NOR,1,,,,,,,,,,,,,,
2007,NOR,1,,,,,,,,,,,,,,
2008,NOR,1,,,,,,,,,,,,,,
2009,NOR,1,,,,,,,,,,,,,,
2010,NOR,1,,,,,,,,,,,,,,
2011,NOR,1,,,,,,,,,,,,,,
2012,NOR,1,,,,,,,,,,,,,,
2013,NOR,1,,,,,,,,,,,,,,
2014,NOR,1,,,,,,,,,,,,,,
2015,NOR,1,,,,,,,,,,,,,,
2016,NOR,1,,,,,,,,,,,,,,
2017,NOR,1,,,,,,,,,,,,,,
2018,NOR,1,,,,,,,,,,,,,,
2019,NOR,1,,,,,,,,,,,,,,
2020,NOR,1,,,,,,,,,,,,,,
1870,PRT,1,,,,,,,,,,,,,,
1871,PRT,1,,,,,,,,,,,,,,
1872,PRT,1,,,,,,,,,,,,,,
1873,PRT,1,,,,,,,,,,,,,,
1874,PRT,1,,,,,,,,,,,,,,
1875,PRT,1,,,,,,,,,,,,,,
1876,PRT,1,,,,,,,,,,,,,,
1877,PRT,1,,,,,,,,,,,,,,
1878,PRT,1,,,,,,,,,,,,,,
1879,PRT,1,,,,,,,,,,,,,,
1880,PRT,1,,,,,,,,,,,,,,
1881,PRT,1,,,,,,,,,,,,,,
1882,PRT,1,,,,,,,,,,,,,,
1883,PRT,1,,,,,,,,,,,,,,
1884,PRT,1,,,,,,,,,,,,,,
1885,PRT,1,,,,,,,,,,,,,,
1886,PRT,1,,,,,,,,,,,,,,
1887,PRT,1,,,,,,,,,,,,,,
1888,PRT,1,,,,,,,,,,,,,,
1889,PRT,1,,,,,,,,,,,,,,
1890,PRT,1,,,,,,,,,,,,,,
1891,PRT,1,,,,,,,,,,,,,,
1892,PRT,1,,,,,,,,,,,,,,
1893,PRT,1,,,,,,,,,,,,,,
1894,PRT,1,,,,,,,,,,,,,,
1895,PRT,1,,,,,,,,,,,,,,
1896,PRT,1,,,,,,,,,,,,,,
1897,PRT,1,,,,,,,,,,,,,,
1898,PRT,1,,,,,,,,,,,,,,
1899,PRT,1,,,,,,,,,,,,,,
1900,PRT,1,,,,,,,,,,,,,,
1901,PRT,1,,,,,,,,,,,,,,
1902,PRT,1,,,,,,,,,,,,,,
1903,PRT,1,,,,,,,,,,,,,,
1904,PRT,1,,,,,,,,,,,,,,
1905,PRT,1,,,,,,,,,,,,,,
1906,PRT,1,,,,,,,,,,,,,,
1907,PRT,1,,,,,,,,,,,,,,
1908,PRT,1,,,,,,,,,,,,,,
1909,PRT,1,,,,,,,,,,,,,,
1910,PRT,1,,,,,,,,,,,,,,
1911,PRT,1,,,,,,,,,,,,,,
1912,PRT,1,,,,,,,,,,,,,,
1913,PRT,1,,,,,,,,,,,,,,
1914,PRT,1,,,,,,,,,,,,,,
1915,PRT,1,,,,,,,,,,,,,,
1916,PRT,1,,,,,,,,,,,,,,
1917,PRT,1,,,,,,,,,,,,,,
1918,PRT,1,,,,,,,,,,,,,,
1919,PRT,0.25,,,,,,,,,,,,,,
1920,PRT,0.25,,,,,,,,,,,,,,
1921,PRT,0.25,,,,,,,,,,,,,,
1922,PRT,0.25,,,,,,,,,,,,,,
1923,PRT,0.25,,,,,,,,,,,,,,
1924,PRT,0.25,,,,,,,,,,,,,,
1925,PRT,0.25,,,,,,,,,,,,,,
1926,PRT,0.25,,,,,,,,,,,,,,
1927,PRT,0.25,,,,,,,,,,,,,,
1928,PRT,0.25,,,,,,,,,,,,,,
1929,PRT,0.25,,,,,,,,,,,,,,
1930,PRT,0.25,,,,,,,,,,,,,,
1931,PRT,0,,,,,,,,,,,,,,
1932,PRT,0,,,,,,,,,,,,,,
1933,PRT,0,,,,,,,,,,,,,,
1934,PRT,0,,,,,,,,,,,,,,
1935,PRT,0,,,,,,,,,,,,,,
1936,PRT,0,,,,,,,,,,,,,,
1937,PRT,0,,,,,,,,,,,,,,
1938,PRT,0,,,,,,,,,,,,,,
1939,PRT,,,,,,,,,,,,,,,
1940,PRT,,,,,,,,,,,,,,,
1941,PRT,,,,,,,,,,,,,,,
1942,PRT,,,,,,,,,,,,,,,
1943,PRT,,,,,,,,,,,,,,,
1944,PRT,,,,,,,,,,,,,,,
1945,PRT,,,,,,,,,,,,,,,
1946,PRT,,,,,,,,,,,,,,,
1947,PRT,,,,,,,,,,,,,,,
1948,PRT,,,,,,,,,,,,,,,
1949,PRT,,,,,,,,,,,,,,,
1950,PRT,0.25,,,,,,,,,,,,,,
1951,PRT,0.25,,,,,,,,,,,,,,
1952,PRT,0.25,,,,,,,,,,,,,,
1953,PRT,0.25,,,,,,,,,,,,,,
1954,PRT,0.25,,,,,,,,,,,,,,
1955,PRT,0.25,,,,,,,,,,,,,,
1956,PRT,0.25,,,,,,,,,,,,,,
1957,PRT,0.25,,,,,,,,,,,,,,
1958,PRT,0.25,,,,,,,,,,,,,,
1959,PRT,0.25,,,,,,,,,,,,,,
1960,PRT,0.25,,,,,,,,,,,,,,
1961,PRT,0.25,,,,,,,,,,,,,,
1962,PRT,0.25,,,,,,,,,,,,,,
1963,PRT,0.25,,,,,,,,,,,,,,
1964,PRT,0.25,,,,,,,,,,,,,,
1965,PRT,0.25,,,,,,,,,,,,,,
1966,PRT,0.25,,,,,,,,,,,,,,
1967,PRT,0.25,,,,,,,,,,,,,,
1968,PRT,0.25,,,,,,,,,,,,,,
1969,PRT,0.25,,,,,,,,,,,,,,
1970,PRT,0.375,,,,,,,,,,,,,,
1971,PRT,0.375,,,,,,,,,,,,,,
1972,PRT,0.375,,,,,,,,,,,,,,
1973,PRT,0.375,,,,,,,,,,,,,,
1974,PRT,0.375,,,,,,,,,,,,,,
1975,PRT,0.375,,,,,,,,,,,,,,
1976,PRT,0.375,,,,,,,,,,,,,,
1977,PRT,0.375,,,,,,,,,,,,,,
1978,PRT,0.375,,,,,,,,,,,,,,
1979,PRT,0.375,,,,,,,,,,,,,,
1980,PRT,0.375,,,,,,,,,,,,,,
1981,PRT,0.375,,,,,,,,,,,,,,
1982,PRT,0.375,,,,,,,,,,,,,,
1983,PRT,0.375,,,,,,,,,,,,,,
1984,PRT,0.375,,,,,,,,,,,,,,
1985,PRT,0.375,,,,,,,,,,,,,,
1986,PRT,0.625,,,,,,,,,,,,,,
1987,PRT,0.625,,,,,,,,,,,,,,
1988,PRT,0.625,,,,,,,,,,,,,,
1989,PRT,0.75,,,,,,,,,,,,,,
1990,PRT,0.75,,,,,,,,,,,,,,
1991,PRT,0.75,,,,,,,,,,,,,,
1992,PRT,0.875,,,,,,,,,,,,,,
1993,PRT,0.875,,,,,,,,,,,,,,
1994,PRT,0.875,,,,,,,,,,,,,,
1995,PRT,0.875,,,,,,,,,,,,,,
1996,PRT,0.875,,,,,,,,,,,,,,
1997,PRT,0.875,,,,,,,,,,,,,,
1998,PRT,0.875,,,,,,,,,,,,,,
1999,PRT,0.875,,,,,,,,,,,,,,
2000,PRT,0.875,,,,,,,,,,,,,,
2001,PRT,0.875,,,,,,,,,,,,,,
2002,PRT,0.875,,,,,,,,,,,,,,
2003,PRT,0.875,,,,,,,,,,,,,,
2004,PRT,0.875,,,,,,,,,,,,,,
2005,PRT,0.875,,,,,,,,,,,,,,
2006,PRT,0.875,,,,,,,,,,,,,,
2007,PRT,0.875,,,,,,,,,,,,,,
2008,PRT,0.875,,,,,,,,,,,,,,
2009,PRT,0.875,,,,,,,,,,,,,,
2010,PRT,0.875,,,,,,,,,,,,,,
2011,PRT,0.875,,,,,,,,,,,,,,
2012,PRT,0.875,,,,,,,,,,,,,,
2013,PRT,1,,,,,,,,,,,,,,
2014,PRT,1,,,,,,,,,,,,,,
2015,PRT,1,,,,,,,,,,,,,,
2016,PRT,1,,,,,,,,,,,,,,
2017,PRT,1,,,,,,,,,,,,,,
2018,PRT,1,,,,,,,,,,,,,,
2019,PRT,1,,,,,,,,,,,,,,
2020,PRT,1,,,,,,,,,,,,,,
1870,SWE,1,,,,,,,,,,,,,,
1871,SWE,1,,,,,,,,,,,,,,
1872,SWE,1,,,,,,,,,,,,,,
1873,SWE,1,,,,,,,,,,,,,,
1874,SWE,1,,,,,,,,,,,,,,
1875,SWE,1,,,,,,,,,,,,,,
1876,SWE,1,,,,,,,,,,,,,,
1877,SWE,1,,,,,,,,,,,,,,
1878,SWE,1,,,,,,,,,,,,,,
1879,SWE,1,,,,,,,,,,,,,,
1880,SWE,1,,,,,,,,,,,,,,
1881,SWE,1,,,,,,,,,,,,,,
1882,SWE,1,,,,,,,,,,,,,,
1883,SWE,1,,,,,,,,,,,,,,
1884,SWE,1,,,,,,,,,,,,,,
1885,SWE,1,,,,,,,,,,,,,,
1886,SWE,1,,,,,,,,,,,,,,
1887,SWE,1,,,,,,,,,,,,,,
1888,SWE,1,,,,,,,,,,,,,,
1889,SWE,1,,,,,,,,,,,,,,
1890,SWE,1,,,,,,,,,,,,,,
1891,SWE,1,,,,,,,,,,,,,,
1892,SWE,1,,,,,,,,,,,,,,
1893,SWE,1,,,,,,,,,,,,,,
1894,SWE,1,,,,,,,,,,,,,,
1895,SWE,1,,,,,,,,,,,,,,
1896,SWE,1,,,,,,,,,,,,,,
1897,SWE,1,,,,,,,,,,,,,,
1898,SWE,1,,,,,,,,,,,,,,
1899,SWE,1,,,,,,,,,,,,,,
1900,SWE,1,,,,,,,,,,,,,,
1901,SWE,1,,,,,,,,,,,,,,
1902,SWE,1,,,,,,,,,,,,,,
1903,SWE,1,,,,,,,,,,,,,,
1904,SWE,1,,,,,,,,,,,,,,
1905,SWE,1,,,,,,,,,,,,,,
1906,SWE,1,,,,,,,,,,,,,,
1907,SWE,1,,,,,,,,,,,,,,
1908,SWE,1,,,,,,,,,,,,,,
1909,SWE,1,,,,,,,,,,,,,,
1910,SWE,1,,,,,,,,,,,,,,
1911,SWE,1,,,,,,,,,,,,,,
1912,SWE,1,,,,,,,,,,,,,,
1913,SWE,1,,,,,,,,,,,,,,
1914,SWE,1,,,,,,,,,,,,,,
1915,SWE,1,,,,,,,,,,,,,,
1916,SWE,1,,,,,,,,,,,,,,
1917,SWE,1,,,,,,,,,,,,,,
1918,SWE,1,,,,,,,,,,,,,,
1919,SWE,,,,,,,,,,,,,,,
1920,SWE,0.5,,,,,,,,,,,,,,
1921,SWE,0.5,,,,,,,,,,,,,,
1922,SWE,0.5,,,,,,,,,,,,,,
1923,SWE,0.5,,,,,,,,,,,,,,
1924,SWE,1,,,,,,,,,,,,,,
1925,SWE,1,,,,,,,,,,,,,,
1926,SWE,1,,,,,,,,,,,,,,
1927,SWE,1,,,,,,,,,,,,,,
1928,SWE,1,,,,,,,,,,,,,,
1929,SWE,1,,,,,,,,,,,,,,
1930,SWE,1,,,,,,,,,,,,,,
1931,SWE,0.75,,,,,,,,,,,,,,
1932,SWE,0.75,,,,,,,,,,,,,,
1933,SWE,0.75,,,,,,,,,,,,,,
1934,SWE,0.75,,,,,,,,,,,,,,
1935,SWE,0.75,,,,,,,,,,,,,,
1936,SWE,0.75,,,,,,,,,,,,,,
1937,SWE,0.75,,,,,,,,,,,,,,
1938,SWE,0.75,,,,,,,,,,,,,,
1939,SWE,,,,,,,,,,,,,,,
1940,SWE,,,,,,,,,,,,,,,
1941,SWE,,,,,,,,,,,,,,,
1942,SWE,,,,,,,,,,,,,,,
1943,SWE,,,,,,,,,,,,,,,
1944,SWE,,,,,,,,,,,,,,,
1945,SWE,,,,,,,,,,,,,,,
1946,SWE,,,,,,,,,,,,,,,
1947,SWE,,,,,,,,,,,,,,,
1948,SWE,,,,,,,,,,,,,,,
1949,SWE,,,,,,,,,,,,,,,
1950,SWE,0,,,,,,,,,,,,,,
1951,SWE,0,,,,,,,,,,,,,,
1952,SWE,0.125,,,,,,,,,,,,,,
1953,SWE,0.125,,,,,,,,,,,,,,
1954,SWE,0.125,,,,,,,,,,,,,,
1955,SWE,0.125,,,,,,,,,,,,,,
1956,SWE,0.125,,,,,,,,,,,,,,
1957,SWE,0.125,,,,,,,,,,,,,,
1958,SWE,0.5,,,,,,,,,,,,,,
1959,SWE,0.625,,,,,,,,,,,,,,
1960,SWE,0.625,,,,,,,,,,,,,,
1961,SWE,0.625,,,,,,,,,,,,,,
1962,SWE,0.625,,,,,,,,,,,,,,
1963,SWE,0.625,,,,,,,,,,,,,,
1964,SWE,0.625,,,,,,,,,,,,,,
1965,SWE,0.625,,,,,,,,,,,,,,
1966,SWE,0.625,,,,,,,,,,,,,,
1967,SWE,0.625,,,,,,,,,,,,,,
1968,SWE,0.625,,,,,,,,,,,,,,
1969,SWE,0.5,,,,,,,,,,,,,,
1970,SWE,0.5,,,,,,,,,,,,,,
1971,SWE,0.5,,,,,,,,,,,,,,
1972,SWE,0.625,,,,,,,,,,,,,,
1973,SWE,0.625,,,,,,,,,,,,,,
1974,SWE,0.625,,,,,,,,,,,,,,
1975,SWE,0.625,,,,,,,,,,,,,,
1976,SWE,0.625,,,,,,,,,,,,,,
1977,SWE,0.625,,,,,,,,,,,,,,
1978,SWE,0.625,,,,,,,,,,,,,,
1979,SWE,0.625,,,,,,,,,,,,,,
1980,SWE,0.75,,,,,,,,,,,,,,
1981,SWE,0.75,,,,,,,,,,,,,,
1982,SWE,0.75,,,,,,,,,,,,,,
1983,SWE,0.75,,,,,,,,,,,,,,
1984,SWE,0.75,,,,,,,,,,,,,,
1985,SWE,0.75,,,,,,,,,,,,,,
1986,SWE,0.75,,,,,,,,,,,,,,
1987,SWE,0.75,,,,,,,,,,,,,,
1988,SWE,0.75,,,,,,,,,,,,,,
1989,SWE,0.75,,,,,,,,,,,,,,
1990,SWE,0.875,,,,,,,,,,,,,,
1991,SWE,0.875,,,,,,,,,,,,,,
1992,SWE,0.875,,,,,,,,,,,,,,
1993,SWE,0.875,,,,,,,,,,,,,,
1994,SWE,0.875,,,,,,,,,,,,,,
1995,SWE,0.875,,,,,,,,,,,,,,
1996,SWE,0.875,,,,,,,,,,,,,,
1997,SWE,0.875,,,,,,,,,,,,,,
1998,SWE,0.875,,,,,,,,,,,,,,
1999,SWE,0.875,,,,,,,,,,,,,,
2000,SWE,0.875,,,,,,,,,,,,,,
2001,SWE,0.875,,,,,,,,,,,,,,
2002,SWE,0.875,,,,,,,,,,,,,,
2003,SWE,0.875,,,,,,,,,,,,,,
2004,SWE,0.875,,,,,,,,,,,,,,
2005,SWE,0.875,,,,,,,,,,,,,,
2006,SWE,0.875,,,,,,,,,,,,,,
2007,SWE,0.875,,,,,,,,,,,,,,
2008,SWE,0.875,,,,,,,,,,,,,,
2009,SWE,0.875,,,,,,,,,,,,,,
2010,SWE,0.875,,,,,,,,,,,,,,
2011,SWE,0.875,,,,,,,,,,,,,,
2012,SWE,0.875,,,,,,,,,,,,,,
2013,SWE,1,,,,,,,,,,,,,,
2014,SWE,1,,,,,,,,,,,,,,
2015,SWE,1,,,,,,,,,,,,,,
2016,SWE,1,,,,,,,,,,,,,,
2017,SWE,1,,,,,,,,,,,,,,
2018,SWE,1,,,,,,,,,,,,,,
2019,SWE,1,,,,,,,,,,,,,,
2020,SWE,1,,,,,,,,,,,,,,
1870,USA,1,,,,,,,,,,,,,,
1871,USA,1,,,,,,,,,,,,,,
1872,USA,1,,,,,,,,,,,,,,
1873,USA,1,,,,,,,,,,,,,,
1874,USA,1,,,,,,,,,,,,,,
1875,USA,1,,,,,,,,,,,,,,
1876,USA,1,,,,,,,,,,,,,,
1877,USA,1,,,,,,,,,,,,,,
1878,USA,1,,,,,,,,,,,,,,
1879,USA,1,,,,,,,,,,,,,,
1880,USA,1,,,,,,,,,,,,,,
1881,USA,1,,,,,,,,,,,,,,
1882,USA,1,,,,,,,,,,,,,,
1883,USA,1,,,,,,,,,,,,,,
1884,USA,1,,,,,,,,,,,,,,
1885,USA,1,,,,,,,,,,,,,,
1886,USA,1,,,,,,,,,,,,,,
1887,USA,1,,,,,,,,,,,,,,
1888,USA,1,,,,,,,,,,,,,,
1889,USA,1,,,,,,,,,,,,,,
1890,USA,1,,,,,,,,,,,,,,
1891,USA,1,,,,,,,,,,,,,,
1892,USA,1,,,,,,,,,,,,,,
1893,USA,1,,,,,,,,,,,,,,
1894,USA,1,,,,,,,,,,,,,,
1895,USA,1,,,,,,,,,,,,,,
1896,USA,1,,,,,,,,,,,,,,
1897,USA,1,,,,,,,,,,,,,,
1898,USA,1,,,,,,,,,,,,,,
1899,USA,1,,,,,,,,,,,,,,
1900,USA,1,,,,,,,,,,,,,,
1901,USA,1,,,,,,,,,,,,,,
1902,USA,1,,,,,,,,,,,,,,
1903,USA,1,,,,,,,,,,,,,,
1904,USA,1,,,,,,,,,,,,,,
1905,USA,1,,,,,,,,,,,,,,
1906,USA,1,,,,,,,,,,,,,,
1907,USA,1,,,,,,,,,,,,,,
1908,USA,1,,,,,,,,,,,,,,
1909,USA,1,,,,,,,,,,,,,,
1910,USA,1,,,,,,,,,,,,,,
1911,USA,1,,,,,,,,,,,,,,
1912,USA,1,,,,,,,,,,,,,,
1913,USA,1,,,,,,,,,,,,,,
1914,USA,1,,,,,,,,,,,,,,
1915,USA,1,,,,,,,,,,,,,,
1916,USA,1,,,,,,,,,,,,,,
1917,USA,0.75,,,,,,,,,,,,,,
1918,USA,0.75,,,,,,,,,,,,,,
1919,USA,1,,,,,,,,,,,,,,
1920,USA,1,,,,,,,,,,,,,,
1921,USA,1,,,,,,,,,,,,,,
1922,USA,1,,,,,,,,,,,,,,
1923,USA,1,,,,,,,,,,,,,,
1924,USA,1,,,,,,,,,,,,,,
1925,USA,1,,,,,,,,,,,,,,
1926,USA,1,,,,,,,,,,,,,,
1927,USA,1,,,,,,,,,,,,,,
1928,USA,1,,,,,,,,,,,,,,
1929,USA,1,,,,,,,,,,,,,,
1930,USA,1,,,,,,,,,,,,,,
1931,USA,1,,,,,,,,,,,,,,
1932,USA,1,,,,,,,,,,,,,,
1933,USA,1,,,,,,,,,,,,,,
1934,USA,0.75,,,,,,,,,,,,,,
1935,USA,0.75,,,,,,,,,,,,,,
1936,USA,0.75,,,,,,,,,,,,,,
1937,USA,0.75,,,,,,,,,,,,,,
1938,USA,0.75,,,,,,,,,,,,,,
1939,USA,0.75,,,,,,,,,,,,,,
1940,USA,,,,,,,,,,,,,,,
1941,USA,,,,,,,,,,,,,,,
1942,USA,,,,,,,,,,,,,,,
1943,USA,,,,,,,,,,,,,,,
1944,USA,,,,,,,,,,,,,,,
1945,USA,,,,,,,,,,,,,,,
1946,USA,,,,,,,,,,,,,,,
1947,USA,,,,,,,,,,,,,,,
1948,USA,,,,,,,,,,,,,,,
1949,USA,,,,,,,,,,,,,,,
1950,USA,1,,,,,,,,,,,,,,
1951,USA,1,,,,,,,,,,,,,,
1952,USA,1,,,,,,,,,,,,,,
1953,USA,1,,,,,,,,,,,,,,
1954,USA,1,,,,,,,,,,,,,,
1955,USA,1,,,,,,,,,,,,,,
1956,USA,1,,,,,,,,,,,,,,
1957,USA,1,,,,,,,,,,,,,,
1958,USA,1,,,,,,,,,,,,,,
1959,USA,1,,,,,,,,,,,,,,
1960,USA,1,,,,,,,,,,,,,,
1961,USA,1,,,,,,,,,,,,,,
1962,USA,1,,,,,,,,,,,,,,
1963,USA,1,,,,,,,,,,,,,,
1964,USA,1,,,,,,,,,,,,,,
1965,USA,1,,,,,,,,,,,,,,
1966,USA,0.875,,,,,,,,,,,,,,
1967,USA,0.875,,,,,,,,,,,,,,
1968,USA,0.875,,,,,,,,,,,,,,
1969,USA,0.875,,,,,,,,,,,,,,
1970,USA,0.875,,,,,,,,,,,,,,
1971,USA,0.875,,,,,,,,,,,,,,
1972,USA,0.875,,,,,,,,,,,,,,
1973,USA,0.875,,,,,,,,,,,,,,
1974,USA,1,,,,,,,,,,,,,,
1975,USA,1,,,,,,,,,,,,,,
1976,USA,1,,,,,,,,,,,,,,
1977,USA,1,,,,,,,,,,,,,,
1978,USA,1,,,,,,,,,,,,,,
1979,USA,1,,,,,,,,,,,,,,
1980,USA,1,,,,,,,,,,,,,,
1981,USA,1,,,,,,,,,,,,,,
1982,USA,1,,,,,,,,,,,,,,
1983,USA,1,,,,,,,,,,,,,,
1984,USA,1,,,,,,,,,,,,,,
1985,USA,1,,,,,,,,,,,,,,
1986,USA,1,,,,,,,,,,,,,,
1987,USA,1,,,,,,,,,,,,,,
1988,USA,1,,,,,,,,,,,,,,
1989,USA,1,,,,,,,,,,,,,,
1990,USA,1,,,,,,,,,,,,,,
1991,USA,1,,,,,,,,,,,,,,
1992,USA,1,,,,,,,,,,,,,,
1993,USA,1,,,,,,,,,,,,,,
1994,USA,1,,,,,,,,,,,,,,
1995,USA,1,,,,,,,,,,,,,,
1996,USA,1,,,,,,,,,,,,,,
1997,USA,1,,,,,,,,,,,,,,
1998,USA,1,,,,,,,,,,,,,,
1999,USA,1,,,,,,,,,,,,,,
2000,USA,1,,,,,,,,,,,,,,
2001,USA,1,,,,,,,,,,,,,,
2002,USA,1,,,,,,,,,,,,,,
2003,USA,1,,,,,,,,,,,,,,
2004,USA,1,,,,,,,,,,,,,,
2005,USA,1,,,,,,,,,,,,,,
2006,USA,1,,,,,,,,,,,,,,
2007,USA,1,,,,,,,,,,,,,,
2008,USA,1,,,,,,,,,,,,,,
2009,USA,1,,,,,,,,,,,,,,
2010,USA,1,,,,,,,,,,,,,,
2011,USA,1,,,,,,,,,,,,,,
2012,USA,1,,,,,,,,,,,,,,
2013,USA,1,,,,,,,,,,,,,,
2014,USA,1,,,,,,,,,,,,,,
2015,USA,1,,,,,,,,,,,,,,
2016,USA,1,,,,,,,,,,,,,,
2017,USA,1,,,,,,,,,,,,,,
2018,USA,1,,,,,,,,,,,,,,
2019,USA,1,,,,,,,,,,,,,,
2020,USA,1,,,,,,,,,,,,,,
